,A1,A2,A3,A4,A5,A6,A7,A8,A9,A10,A11,A12,A13,A14,A15,A16,A17,A18,A19,A20,A21,A22,A23,A24,A25,A26,A27,A28,A29,A30,A31,A32,A33,A34,A35,A36,A37,A38,A39,A40,A41,A42,A43,A44,A45,NA46,NA47,NA48,NA49,NA50,NA51,NA52,NA53,NA54,NA55,NA56,NA57,NA58,NA59,NA60,NA61,NA62,NA63,NA64,NA65,NA66,NA67,NA68,NA69,NA70,NA71,NA72,NA73,NA74,NA75,NA76,NA77,NA78,NA79,NA80,NA81,NA82,NA83,NA84,NA85,NA86,NA87,NA88,NA89,NA90,NA91,NA92,NA93,NA94,NA95,NA96,NA97,NA98,NA99,NA100,NA101,NA102,NA103,NA104,NA105,NA106,NA107,NA108,NA109,NA110,NA111,NA112,NA113,NA114,NA115,NA116,NA117,NA118,NA119,NA120,NA121,NA122,NA123,NA124,NA125,NA126
cg00540828,0.486852494278051,0.322822519453929,0.168326308570634,0.232184008357309,0.107436009064373,0.070796015499112,0.213341013654027,0.207159912886347,0.325179721356076,0.933168917657839,0.442407385888605,0.256448698294402,0.921920710979224,0.3281861870258,0.125593290790579,0.457535874098117,0.936832626417157,0.362640681536714,0.135663470818663,0.13520417822946,0.727941038879073,0.230491158552047,0.345446239893118,0.328662820704328,0.241214524848229,0.192080243856148,0.341151126588011,0.110248065576507,0.634446542823268,0.363935834806424,0.111183359175954,0.085346152168798,0.289013455871892,0.055488555698219,0.618483888941397,0.441435675473726,0.127085019338668,0.363141725216736,0.328983717323452,0.508684145462135,0.511752883081431,0.935856577857115,0.178067101122798,0.231454459090688,0.152051923408522,0.958032199675094,0.27054280154231,0.843979700901656,0.867047607619804,0.920144547396609,0.952778393493778,0.911871330560471,0.96644913682727,0.940508628515737,0.95321010014011,0.598927668219752,0.958298935309692,0.949330504569795,0.956860479309681,0.913737403430932,0.435026913488118,0.942905069040711,0.957303317149274,0.95829948260623,0.815546898393322,0.955619365297818,0.685875833301234,0.871398878569677,0.815964512470108,0.858176569901233,0.959983346126494,0.934745474289101,0.95812650162843,0.894888864786989,0.962359170915909,0.916551816604104,0.888525042913942,0.9565212010204,0.8945739818021,0.943597217622089,0.937636649907862,0.925029663781347,0.925865607070675,0.880311974104185,0.948087656204653,0.958354606032512,0.942657587142323,0.753009108739954,0.96589041640565,0.948119390378308,0.973214468579913,0.642401377743276,0.955923603434383,0.936264359403601,0.948251945606123,0.934427724239483,0.950647295664381,0.931239824569213,0.859461923541641,0.895589595710823,0.938089971005711,0.933807208226676,0.929087948917222,0.957077831400817,0.936269555610223,0.869013391244978,0.93732111705282,0.927976508627463,0.763661018666534,0.95955642442515,0.704236665845627,0.958829731907748,0.940702665930033,0.949507952168994,0.929378958166856,0.729436756468762,0.955199697279631,0.808453141570089,0.943303341412945,0.502643281683581,0.867734686878243,0.955795384515566,0.855290548900556,0.958248262265751,0.957144263721138,0.918910856413383
cg01710189,0.453767751162305,0.29832456984563,0.227814696587691,0.35103072079402,0.490525871169229,0.852668823767994,0.334632518198982,0.198055156379069,0.302570884791773,0.443445057126731,0.147192180726513,0.223488801756403,0.432950061830154,0.106261749530843,0.230100834242068,0.251907076524003,0.697974325598177,0.440759559819453,0.224046237105627,0.40874880097024,0.24605016801793,0.173168117649436,0.193136942561567,0.197763293737781,0.244101240615495,0.486272312824672,0.176415581621461,0.180846126099642,0.237384490783418,0.202649415536615,0.145810904316086,0.193004206047631,0.228782707394795,0.201868507976535,0.409217977446129,0.126793143926636,0.114549096359605,0.316090063654258,0.059605247020613,0.188050039252174,0.317264872401997,0.409336501918265,0.272317370280248,0.409489387058579,0.161674010629533,0.231388240093339,0.625664346973464,0.785715372314073,0.720666237247224,0.568092600591755,0.874021266726667,0.746142907410657,0.879833391261916,0.507240916032481,0.462899311558423,0.686435336907749,0.824388062487292,0.770626550359357,0.756570484977883,0.820671853565504,0.608087797725654,0.782958099125939,0.871084294374971,0.688060201942093,0.849074512176725,0.670897856053391,0.59112542444251,0.652441612864037,0.76512556132959,0.443934469697387,0.875055040884142,0.834727971490271,0.862520599092159,0.706990841158423,0.838912762198989,0.93463498516061,0.732619747552007,0.70183524069096,0.359764947211472,0.891326065703307,0.831297537275765,0.783916385462866,0.900310425643786,0.767301972140406,0.913750550255645,0.842804087667856,0.852508814865747,0.763360401856129,0.844773971282699,0.614286945329671,0.786039397861461,0.718756654200387,0.936826059679976,0.801434491820115,0.278345184414332,0.802258851557704,0.689472984049807,0.694846181709755,0.735784122700188,0.909723662024527,0.757546989623429,0.714194909645016,0.769581921218256,0.873464452029035,0.904522710412753,0.583143823570034,0.603221155644083,0.525347652848381,0.198911806129579,0.883958659183371,0.914128292742292,0.788143027704861,0.834955118970193,0.694351309135488,0.566423164841913,0.631296484878965,0.553973059156176,0.884063621311509,0.731276449428316,0.239278382805858,0.490263064075714,0.766605146089889,0.627030155909823,0.771639513119898,0.900850952748166,0.771374428077784
cg13558971,0.54235867781191,0.387055991623549,0.541258483213206,0.14028567050096,0.672942448559553,0.083474038637839,0.305405255159756,0.493131955625366,0.638809558003381,0.671724161556392,0.190167264269953,0.54991619608807,0.677947134035887,0.525721556157691,0.778172889899272,0.539236315240146,0.742178478039492,0.579408644802826,0.664684727273797,0.610842011928053,0.423864548605169,0.590426171699716,0.558997994049491,0.642968707986056,0.680784351501137,0.631761469524205,0.370182938137588,0.645624750730254,0.479675421672239,0.522706277834081,0.658676469982853,0.746471640115516,0.491851916616805,0.633417701304575,0.707363752255841,0.355462193725637,0.729709562928459,0.65307810563684,0.279154708518897,0.018252055483296,0.117894132857406,0.023205466567339,0.76840040728689,0.715883838103888,0.668466351099206,0.020315888143815,0.021302734495827,0.036915810928044,0.037373969375765,0.035093048955729,0.220535485125083,0.135071916920361,0.310487286069476,0.334894463323026,0.055239823448521,0.03139008533202,0.022388909722755,0.241444049404517,0.033845074603791,0.018200021070605,0.010418966240276,0.104986901149343,0.068108341853795,0.481606777379396,0.070431562157594,0.236702152615659,0.123089522762011,0.310789742020238,0.127358884791746,0.073937507448861,0.260716270352136,0.15763481973249,0.20154656226094,0.016580046859603,0.026442091057438,0.029413746583492,0.060040846799122,0.019336593948963,0.18192883691317,0.01584334385701,0.102809176580948,0.10603372758557,0.192219026789459,0.051942403709051,0.22424776852331,0.022041839806229,0.240164443233533,0.0828152574821,0.028238725849343,0.126580269992384,0.02597238180329,0.018906468913777,0.141156617357051,0.042903921876392,0.024831476879142,0.045381717074827,0.35018981684454,0.044060293657996,0.475223683395688,0.096090306521053,0.059555161569384,0.044999510516145,0.036120771332634,0.429903287488621,0.160094323064971,0.044594873527802,0.29095653435761,0.019802227127167,0.049753917949179,0.022553561359514,0.439599434099804,0.027747070081854,0.037735858188268,0.017549239638994,0.209565889782299,0.018200896832169,0.42848666159728,0.325893003475153,0.014981237134029,0.01606921245569,0.046034816080464,0.022544544447309,0.053031902764686,0.048920687315802,0.134555625076172,0.048104197218878
cg23930334,0.074749694622431,0.01993584860241,0.02111173486067,0.017062734997585,0.019079200704786,0.017948810174436,0.026614611339772,0.019554470104074,0.087728551424122,0.312803658618273,0.109855748048458,0.017040192849181,0.019189272236198,0.033054386031115,0.016109177188245,0.017057848973394,0.6711188288339,0.023187065500593,0.028587714591571,0.01716210702385,0.016218066193573,0.019839516337734,0.028460319060358,0.017423839815372,0.020376172530364,0.023161976654535,0.16959933100164,0.018349154303385,0.019971581004592,0.038642257262057,0.018346988274435,0.015772184906998,0.020084922223872,0.023848606345947,0.512445897371795,0.018703840425634,0.017324656394817,0.01556905163505,0.018251475276102,0.021876544617184,0.03704032920212,0.047009929454151,0.020140785993548,0.025260375110891,0.020272811281541,0.115688198025528,0.246567820769289,0.889664706955511,0.486427777023117,0.372335957550396,0.795682004949236,0.596072929642665,0.803944893384444,0.225185099379986,0.289742562983817,0.4445792977684,0.883334302442101,0.778360873948374,0.663340040636516,0.095981739596402,0.014511773216522,0.577397435074061,0.755714791104755,0.600725576674311,0.736449131946773,0.830090351123909,0.21951208341655,0.604550475384591,0.50661622041207,0.313923286985922,0.647747887207987,0.722323023847672,0.686005537927231,0.941287597118265,0.633485320634128,0.758847541647814,0.575726827558065,0.564586370758651,0.017533418119781,0.484799751774045,0.798564906495188,0.384262312971308,0.601536546959525,0.632323310664865,0.259454834529358,0.924858575323299,0.726876743147278,0.587891461913841,0.762744371700836,0.79157676472079,0.728722875665483,0.47608264173383,0.744351912225912,0.748942217031224,0.810547309915411,0.681021676316133,0.530942491729857,0.528699008608026,0.891285282392412,0.708183927466136,0.61211481000811,0.645573525874122,0.724937730485055,0.696473607423935,0.413826322284655,0.598380703580285,0.841592369272087,0.705526847982937,0.657709170610009,0.908527072620336,0.748214918095739,0.7232408722625,0.624414311816351,0.618465083871165,0.172486689899671,0.104724764153905,0.289435000494708,0.586973248950017,0.965572679163227,0.147070840819001,0.495215403513722,0.017058256624313,0.170204380607827,0.573094158982154,0.835947793141382,0.669111781437127
cg03364683,0.788464048678811,0.842560493214285,0.36742544949574,0.807327052934443,0.329891084056548,0.177904713596277,0.858934187403198,0.92463148141351,0.770395586817721,0.962092739108462,0.737412394748638,0.659391073304431,0.841513008633381,0.714582295099606,0.69101767448279,0.66495981617377,0.820429243585275,0.428950995230554,0.854709396523903,0.803176720273374,0.75594365863231,0.578410775840244,0.83555951390372,0.748836692042973,0.532285175265448,0.592751862478261,0.40624394428815,0.897852462003609,0.652149621675767,0.736258624766325,0.885282370200652,0.495917312357132,0.769982488475386,0.837356806646312,0.820741645559504,0.325757130802829,0.71681746566381,0.928126966579667,0.957855435821065,0.10606611388393,0.733164366406541,0.576300607727081,0.802401165013898,0.961004358478306,0.489006269801279,0.021102619758154,0.029832311370376,0.032823494806584,0.271642771751454,0.085500831793589,0.036113388357515,0.31294531599231,0.022455899955428,0.024150222770818,0.348787848445577,0.170576855559468,0.017988880524872,0.105377385988323,0.035866934273635,0.701320189769224,0.319682305469348,0.07155121722961,0.022545280369449,0.233201994708385,0.020030577896746,0.901561035350938,0.188782442500358,0.250668942978939,0.094508405304505,0.036312370011756,0.3591833149141,0.200144141515637,0.026330538447005,0.044271308337141,0.633905149392574,0.029489849891994,0.150296290957362,0.029706426976666,0.952806907601711,0.044829587919447,0.069315982996161,0.056255854707973,0.259865648749146,0.053658028622908,0.191847028068535,0.22220189574676,0.458567729380849,0.200487691113296,0.036290388224282,0.03085060172856,0.019082796487815,0.113765330095854,0.445212208697623,0.183251833266942,0.039804516400281,0.06860556254473,0.813934665241589,0.09624870921851,0.035048349757307,0.071874595128607,0.076519471803791,0.135934377896224,0.21355810656904,0.637690214425027,0.34853374397036,0.05944296463584,0.441295669214906,0.060244381723033,0.139912457687414,0.046168701627733,0.030626095389142,0.050440773031749,0.393089452682301,0.034429394766948,0.147526604229396,0.614860427284112,0.028160862921523,0.056467417369112,0.162834567028065,0.011726454889733,0.170585263902171,0.029445436167866,0.182790370440724,0.045716152126285,0.066242080769303,0.129505403213611
cg19944656,0.189115001233351,0.108897041050863,0.108900169054486,0.100072657585728,0.324982441744449,0.061781878249193,0.182334038014916,0.064843711692156,0.154839129205214,0.398465505433855,0.402012436763615,0.071532355757881,0.590411647568288,0.041081776736847,0.089262157092828,0.330244799342503,0.335900219505583,0.120808914940717,0.094459855756837,0.798450161670193,0.175805486332831,0.054739049374155,0.107002703249655,0.047807055052427,0.050591161155586,0.201476229116023,0.419156492972195,0.046987632677379,0.088244229346362,0.099133786717851,0.055384779008324,0.065485975476809,0.129082186642872,0.042842015321273,0.097323733164246,0.347199322537506,0.051741118145969,0.247665738357232,0.236870874612676,0.599056780399726,0.23427916388764,0.338058286003823,0.117962718847279,0.271337294744692,0.042034592187866,0.356033744324929,0.064088120083448,0.887818719712743,0.534474981569931,0.516384192025821,0.772340672611122,0.518877005108502,0.601659624719781,0.74875319930992,0.485309250900657,0.358044391312588,0.806821071360108,0.805890023965805,0.70077771742517,0.469333898732389,0.188164214103326,0.16239978644474,0.729471678660331,0.587243009899767,0.322376569751205,0.869744765319127,0.500138360760859,0.347984325280623,0.727308261254302,0.396213534948007,0.641264146916598,0.672773027428975,0.570229978897728,0.75623779201212,0.915331351175556,0.366443875521792,0.614709865389297,0.56246179963089,0.835205096003807,0.448960137546629,0.71264755806735,0.674928560565256,0.69115572481064,0.536488711670772,0.838514483921187,0.894671103878429,0.703271081932493,0.597508801980531,0.492770302550572,0.381060805618563,0.792874913729282,0.527287578238169,0.725387517248843,0.725837208559502,0.799994168556976,0.688576525676248,0.852694235432305,0.562814753310345,0.722347395796249,0.638057437320426,0.644471040325397,0.363250331528241,0.647738157234823,0.727791361497233,0.668792132941913,0.593270426734805,0.402112191657154,0.146597651661741,0.393303244804815,0.859448582837581,0.688555727400846,0.458483571895861,0.694824455282955,0.595742413723528,0.333368561501417,0.564080239252864,0.638594824150887,0.704196424208759,0.686301593609892,0.384535593977277,0.564376359894656,0.787343354633934,0.507892495965659,0.69063007691646,0.792200520259449,0.638512465394595
cg23186333,0.954232630889958,0.957484155416569,0.942772182297313,0.9748448541932,0.848674036329105,0.651423324808011,0.972537034549677,0.98148370172846,0.955144640100604,0.973393608662496,0.949377316445772,0.963551434620644,0.97626783143725,0.988150080936687,0.939225712581883,0.986735617777213,0.983312034971967,0.911551610323358,0.964744576530809,0.974370647889977,0.965927077107931,0.978101745273595,0.974098800689349,0.947600106934377,0.474849587271227,0.942804570286981,0.614881137959191,0.981833325994232,0.968982481341324,0.972936465045411,0.974967059395913,0.981888656375852,0.943714867389567,0.982699999566865,0.972867887747825,0.854837925315414,0.986648177472434,0.797344552473322,0.958323191172149,0.284409003075296,0.902702616415692,0.878591010274193,0.960858995108565,0.976298187354993,0.961399784071173,0.498358002847361,0.737929707365534,0.305314512594962,0.291391851329511,0.515391088717862,0.133510657091711,0.606729705916686,0.17414270356804,0.566708060269467,0.420241586966462,0.915382350462466,0.719351258711417,0.926935737142474,0.22393732592485,0.535567845379017,0.204772542269834,0.947243335147618,0.968030469989613,0.89325829124073,0.098194860906276,0.228182324801987,0.677956569115901,0.667796120208292,0.320509523890047,0.641561274529723,0.388931342976753,0.271988486962874,0.481670429051821,0.291363768051688,0.380515780503268,0.780808367609374,0.292872896317443,0.378178753326423,0.250586143318975,0.339518266192398,0.395712952976231,0.401804944308638,0.715331925714305,0.409118155830189,0.216844596437977,0.064936150977702,0.184648355125517,0.257430121654854,0.188922997543019,0.436984609838136,0.181017454963072,0.386410136995984,0.212055222248987,0.320632903848611,0.902646801879071,0.426026352632121,0.18783016585198,0.826248173426459,0.707777266275169,0.768525417884331,0.340061197657431,0.347282355922607,0.412764463398203,0.176235031879692,0.226150236066579,0.330778872897606,0.063678537142844,0.231915149026527,0.773796946891552,0.129110717934539,0.400428396244284,0.239775286961716,0.561530197953779,0.296706617346171,0.699194571138293,0.477284166729309,0.353630822552049,0.57015552362271,0.43502094268135,0.358869444486486,0.491060776587101,0.72710215242361,0.558232703047255,0.889700706655765,0.523852635612916,0.670514533771939
cg25310824,0.328965484315176,0.661747723417192,0.889921036011821,0.806611772313484,0.94883391748216,0.9009458713462,0.288730607619098,0.850185267913773,0.872736961066882,0.529513360082142,0.872842717465049,0.673964987541566,0.11436973684624,0.88713436298225,0.904383195071302,0.871814805112605,0.805292863708193,0.78054491482321,0.966083104848816,0.876376119329834,0.533439721659619,0.918084429458304,0.751842954107405,0.399626928448277,0.141322189534229,0.821055046543447,0.205960764044959,0.953674003506329,0.645426209752751,0.882236059299917,0.948974002877212,0.892831832650324,0.625516832817727,0.956799322725645,0.771744800323277,0.781250313637334,0.760310501834323,0.817664249147531,0.572420766846407,0.90689430924616,0.760956014573072,0.714372501936796,0.889731020074713,0.939598280015606,0.883752362556355,0.294458259316496,0.126633911840336,0.038879624927192,0.230569497150121,0.174353239830914,0.143025864601508,0.150464128539291,0.182420553425212,0.510845547275718,0.387915978928736,0.591815080202215,0.132953203184981,0.390917668735164,0.144366859572162,0.395826695893892,0.199893073195527,0.625738808003246,0.281727470773848,0.514913929243616,0.141084144772887,0.038381424782049,0.470099306817699,0.127258119604385,0.34813392455206,0.555509223387135,0.417243646063462,0.138959971444603,0.347262096415774,0.351190199614199,0.959526196138726,0.62047961803457,0.416302122542508,0.274613799765922,0.52870897560527,0.101539420880898,0.258455751402227,0.227043475665991,0.502417879156141,0.218164458822621,0.316467520849582,0.059517319906113,0.217885975180385,0.22485708997762,0.040302643697994,0.127150249029201,0.07722416380181,0.194039678383883,0.055903648563451,0.128015140176384,0.079338410011386,0.343842515033988,0.04512463106284,0.110635282581687,0.047217788846644,0.523838853417805,0.181295550860157,0.298856647537545,0.126212684691876,0.851034390375551,0.046606096375445,0.121540026179309,0.065049713844355,0.100481853417837,0.444827994839197,0.102909681643323,0.043046347718949,0.261639732153066,0.233344468013803,0.70211494683146,0.331501404677342,0.049036571755057,0.344397594294434,0.103165810783418,0.064785132034018,0.334397714344675,0.292099410258438,0.624174556887718,0.449731517561781,0.075591877607454,0.483694365476797,0.332781469265159
cg20818806,0.296372411832135,0.207257307493535,0.210267229654198,0.232362620885917,0.543300402874319,0.217548056166319,0.470943645901825,0.161600490048932,0.385936795067741,0.17001825556726,0.207373390369209,0.090842960399546,0.51195609394797,0.592770010890683,0.154378398095932,0.083147828374467,0.317004812180061,0.288316759956824,0.458497147232535,0.833419266774016,0.194816813036474,0.22168947896661,0.175073169048447,0.105053687371453,0.274423509878299,0.162910487783004,0.192379018327091,0.032799943799158,0.144020092448817,0.153562466832261,0.078447621489185,0.116815818323118,0.195404367375883,0.089188810800179,0.149312887248968,0.391878771678073,0.047221481969667,0.183752205561556,0.443375309369718,0.147418565387834,0.299800052129825,0.641610375311579,0.166721772010478,0.036134069258169,0.081740263969947,0.411926930083753,0.187095732969896,0.50542952713077,0.821589943200989,0.669816240026421,0.932680148598478,0.505376137532319,0.597812305228438,0.285059929426614,0.867508367166855,0.628630298486548,0.818953209104711,0.971616724548145,0.625820608483854,0.702040642135563,0.034021987544044,0.081131049157494,0.899875642912774,0.898036144350631,0.64413191827741,0.865546128791524,0.64395658903352,0.813219693665424,0.60831910717013,0.861246284380608,0.743377768594396,0.844720162881367,0.711357975965507,0.942000685716204,0.854694902573921,0.937808447522811,0.747708610899065,0.696551017615721,0.769345596460952,0.805630356357313,0.627174064888131,0.759643930719934,0.700928480629557,0.63621188115449,0.136564102576491,0.91262224828403,0.804157949596259,0.753311494315832,0.959767012027423,0.679269113740428,0.895495702327257,0.735689812614024,0.960307524960884,0.824267689742066,0.77051684698098,0.835249133311783,0.881946471072242,0.392450706008087,0.897553750268052,0.985223806422906,0.714861514692856,0.80400060323269,0.781517923789049,0.893829802064701,0.49991839374687,0.267484055108273,0.775797188779698,0.303045797592366,0.506691184448816,0.951084679569981,0.898535075201163,0.716566042854923,0.797926597593713,0.616343681817548,0.517762313923272,0.569390156395102,0.907784285183919,0.289556371349177,0.938776504959271,0.668179812993758,0.77051931085864,0.930522371994715,0.755158667620613,0.475422740427663,0.54758770336941,0.530317406929745
cg09973986,0.132566424366962,0.210240869741609,0.22119881516769,0.307455195107313,0.055437158456804,0.151871582836186,0.083070092005995,0.035370624334315,0.664286940564513,0.228122447773644,0.437063100775373,0.19421335297035,0.032941909780222,0.637877113633166,0.187152542168345,0.297461564119227,0.45095255038749,0.075432121492663,0.496437544154026,0.341402265376363,0.147384403203103,0.132396951265164,0.094916407625658,0.175481047909713,0.203809213552525,0.102149669177718,0.071098382843481,0.091408697635625,0.159577675600511,0.178066691553243,0.041013632191885,0.077448379522952,0.194286870858755,0.144054801783524,0.436967620117768,0.149440535299058,0.396280463635132,0.152489118173692,0.071050797210763,0.447831516102587,0.113522737067715,0.171119203413337,0.164565950410917,0.117290399718458,0.044066934805363,0.440182142078162,0.826296889496023,0.335100908164905,0.672274490622493,0.543236045313917,0.70555912189207,0.655400242738265,0.758211264412152,0.344946116195301,0.40692548775955,0.205596705331356,0.861641408107078,0.795229940035046,0.759728686386458,0.546700123964098,0.158844799616197,0.272108262979165,0.60697048713611,0.492274048116832,0.784781707341277,0.809749081773802,0.564672315934805,0.71883916361357,0.628189737619468,0.161201796374777,0.800652145638894,0.746743029098659,0.234264994466898,0.89263215856014,0.286032679775569,0.555830505541429,0.575964571301806,0.608114623398202,0.773795895632315,0.872893909108639,0.768566507818065,0.594447653282257,0.785045774664065,0.434859582426386,0.866182920147892,0.898967383504382,0.680237979021836,0.746754874179547,0.849177238582924,0.795313945007446,0.819383756911357,0.623579647195669,0.844250573889742,0.822599151993131,0.208753779642882,0.754701499771654,0.438048621123069,0.711659620405555,0.87023824015661,0.76747609943958,0.666332175498659,0.716698897073963,0.717308881220375,0.660956394979158,0.03905684970431,0.597747086803661,0.829449895874,0.794844830193534,0.72367974354477,0.859410361297018,0.630641228791438,0.83727788308588,0.729345649857753,0.665880654093953,0.609245105692344,0.356982746812744,0.24406304562366,0.119391751956895,0.815194816174876,0.350687634655843,0.67975587604681,0.716992636236871,0.520262004381112,0.739419225548459,0.825846426072369,0.715797769518238
cg06484432,0.930983085221978,0.900665164524081,0.860676403284926,0.751964889408655,0.844306708239618,0.939952182956329,0.780008641720264,0.955407928129808,0.391425779822323,0.458838959870766,0.897874205989751,0.905863661902241,0.954122023842487,0.952003382231443,0.962568917326555,0.953693045618647,0.975292448334781,0.920222572360496,0.924146835277777,0.948811140296048,0.959345621912561,0.92328364016503,0.929630568725661,0.62901331407283,0.772914206544755,0.871084457359068,0.954739476639384,0.9471653640939,0.721393784968902,0.927140493183868,0.917651217849101,0.920576980459127,0.919114067332453,0.933351568711378,0.968680393091354,0.915319693041985,0.959636142848299,0.92954809140893,0.719764729745916,0.955453797022021,0.174950719068582,0.830544759011782,0.964492813016849,0.957629392276608,0.905752592952618,0.819491281209269,0.262939794553106,0.129281303527773,0.484330974426226,0.552457039708825,0.242157659460512,0.262785593597074,0.307614950728893,0.151763365006308,0.623112618334978,0.97699431846551,0.097340112365875,0.194890783521807,0.340447007300721,0.315101201463932,0.146127897282074,0.379237987595025,0.297954148559552,0.669029616631932,0.179947357801982,0.165347250521169,0.569478316135035,0.408798151494239,0.366260424860274,0.718925716504519,0.396856605024525,0.237627455913906,0.107604041073583,0.176366012904827,0.073176074387794,0.976522704700878,0.665626823383627,0.529716254500297,0.975601196225515,0.297571541975593,0.281106108615122,0.445565793795829,0.576861790787906,0.35140606422074,0.298887402242154,0.152527674948346,0.230027191355501,0.384426319937855,0.067215397636259,0.315035899475977,0.264349889914169,0.358570572950636,0.088185709957178,0.295996060792028,0.957194654587966,0.386304313902927,0.144572572607605,0.523769609149789,0.145252108141873,0.766240740668194,0.486160929595189,0.299269628338704,0.221476102698791,0.865939616715091,0.451219366079001,0.667153075806386,0.045800731675322,0.303620276116492,0.970734312472782,0.186069342503719,0.165950356235085,0.295936531972945,0.361085023867031,0.767013003497357,0.44837385337321,0.367949258886821,0.742520484198523,0.296485095706705,0.220815563576993,0.302465350393753,0.431256739974263,0.250347045679822,0.58130772167789,0.909370735432282,0.096300306609581,0.334231293566351
cg07476617,0.92320028839286,0.809305030383392,0.147288237751786,0.920230668928888,0.057630046371274,0.390258806943397,0.921389836081814,0.921310685658479,0.807192090024683,0.871838714122612,0.895434829301401,0.763064734803212,0.971244568495639,0.747092674065028,0.756087419917621,0.900141441791119,0.895080221866239,0.710725221827654,0.969265194677966,0.965653503692273,0.745370170181149,0.906821277141899,0.86500254395563,0.847637404971888,0.864925862274502,0.702769688806208,0.736051941404594,0.977291665221771,0.879164750974747,0.938422376992104,0.947486275247755,0.90079925731385,0.886146579032544,0.892946266193131,0.903717434917721,0.668355800906773,0.976539811358371,0.967220667258172,0.518889332702103,0.370222566138158,0.757532189295442,0.725307838231388,0.977958129847163,0.971758110945511,0.938071329112175,0.04422734797592,0.49348120649254,0.42615866354393,0.457614885689063,0.192316152469416,0.228992246022954,0.205951151431247,0.045625579820222,0.723071655377727,0.127349150379996,0.052573762635518,0.325272952776578,0.418852053708456,0.784661586928799,0.707643594655772,0.330265071102466,0.093689223946011,0.448948074815527,0.482951617774641,0.349611043117132,0.376770322327773,0.2396756623208,0.379901113142203,0.517588398195123,0.19709943268506,0.482884381778475,0.368576431624578,0.757471393442383,0.149981707373043,0.052738462235694,0.50703493624243,0.146689191972376,0.103929838781795,0.767971103274297,0.208460108792093,0.406990555933185,0.326248429371738,0.243572385886722,0.163333102724778,0.751643125313641,0.262442361521778,0.214937789721515,0.293931081402136,0.918238705695854,0.47829991577341,0.383801729828146,0.053052990914531,0.521496228398032,0.175292874987929,0.025480488575858,0.447510504310364,0.536757543983444,0.250035492913178,0.651178271822797,0.341222067804536,0.354422377818351,0.37348115277662,0.338170549238435,0.322604685005956,0.824759946715686,0.219812243876892,0.437352709699874,0.65905338742743,0.208898953317527,0.291899770397329,0.792593075893714,0.056180187379879,0.400340710846323,0.178570748807384,0.240270697630272,0.040963505469622,0.086511511744426,0.542497579145091,0.800784721072684,0.032258233704137,0.110948492718405,0.619914713337449,0.236357546148176,0.289025107402207,0.408297456396153,0.607336825583592
cg22865905,0.564720539961635,0.330031475762603,0.160896081299163,0.685698212258008,0.24045734667581,0.636950983571291,0.34131404416825,0.243006099522377,0.892315518274671,0.942637255325298,0.498976120788764,0.169342800203783,0.122201164697387,0.10364007920475,0.609210150836955,0.174402066665295,0.726878821262182,0.145892687588592,0.165722004123004,0.355268764991471,0.810190231340552,0.487081880711343,0.265475005017431,0.166875046706628,0.340514221804345,0.776749112886694,0.765633630752267,0.132837664873968,0.698617767331588,0.269944252100062,0.132908449585837,0.119423988273607,0.236299917197627,0.271708819023734,0.684825565822785,0.939338030857111,0.117332133702693,0.732967216589775,0.441871959474374,0.499489786772247,0.437443811606711,0.897964865815712,0.133073240003305,0.054423046003476,0.158189979656846,0.835797694071126,0.775427961343568,0.801521986945703,0.900022299350337,0.857394744055924,0.737547880976402,0.902862429200373,0.906233941868512,0.868277655658462,0.827999380031068,0.945236281632317,0.962323756747652,0.86983896215705,0.939776868948197,0.917072092655898,0.481784090890477,0.571495509066056,0.944098860145356,0.953718826602775,0.637123875065461,0.802273284976526,0.676487664635396,0.514143743354412,0.855748338559841,0.896224543435173,0.92379783076726,0.90090924683847,0.960706188760708,0.909917583583693,0.80391556442355,0.936354630374781,0.862112918182712,0.803127586585468,0.325275337711103,0.953788362091114,0.924141963316817,0.920765857190274,0.900309698310994,0.876758237137689,0.619230964691501,0.920962625867429,0.919868063883727,0.818592382561788,0.977933021550099,0.894870010378057,0.937430076133071,0.892164669924445,0.936930045305811,0.917211818815932,0.868878436113239,0.900569481957468,0.703591990395793,0.927608684342512,0.952923176699805,0.682120842184258,0.894724730584014,0.901145221511979,0.899278850834395,0.792311511935936,0.51133189041678,0.365841531379008,0.909133882685808,0.814709285875926,0.300319620985597,0.969752182758941,0.913462020212774,0.549107339086753,0.889870027327165,0.829384987742808,0.907544761182407,0.61172246329384,0.955169687528407,0.944884933476966,0.947636515600586,0.773055312494067,0.826067570373411,0.961702999506218,0.901351671926533,0.950723110850584,0.728584478097588,0.86756259522881
cg09175843,0.498723936971227,0.574738157900081,0.630110123913138,0.25802900019406,0.072847161395894,0.92693900962035,0.776288191779126,0.572544045309311,0.234014215509141,0.113029966877866,0.700018481744874,0.432604475674657,0.668688199339966,0.676265501860543,0.022750094684768,0.950592552345148,0.837483757526118,0.134852587034799,0.963296966547187,0.885957359198604,0.031193452414929,0.61811194788904,0.842617255136586,0.030725939446877,0.054870481898702,0.546760627830675,0.039540155978136,0.428661871391866,0.356037189578932,0.625547650751332,0.974293716831621,0.452698377580275,0.699935824511532,0.634332372757085,0.076964029166014,0.028871195708298,0.616734343722518,0.666197517591694,0.060480119845417,0.935830010708316,0.217097248022754,0.461502843058079,0.96254702885314,0.798269053872815,0.915465132556116,0.032310077028028,0.029547300096509,0.021677773953095,0.040988210608618,0.032337596712253,0.042627224326252,0.044066727827319,0.09501438852579,0.024731936293177,0.143826110266108,0.02354612805717,0.022823093451046,0.45078733683996,0.025980467362635,0.056218555521777,0.029294370847047,0.030855481119774,0.33590872250529,0.029774637304282,0.026967210777397,0.043778754036904,0.25389934793391,0.018824603547822,0.050873863570953,0.020730094739463,0.073912543913577,0.039335641956885,0.024567472073236,0.028717522095465,0.031404986272843,0.01803754750171,0.025838641767868,0.021536850202794,0.221329277246111,0.025552118936295,0.035721506135322,0.024661647994836,0.191984670975614,0.06743859566486,0.220973339425684,0.045718194660528,0.031542273705758,0.048579182121831,0.020280518493934,0.041166015113982,0.119088732153813,0.018883362918418,0.020171213497108,0.031378256157066,0.016780744406115,0.030623149123297,0.024042606664035,0.034280800350506,0.024011491973107,0.024588890831936,0.028128964777608,0.035733204789572,0.02360603269184,0.66703721674057,0.020496496794455,0.024990774038533,0.591932514786458,0.028092849432496,0.028173674656543,0.069933711956317,0.023618166372818,0.028327012825739,0.028563089502031,0.0590107526138,0.034547512782261,0.107771369815201,0.023654808776882,0.045000480948036,0.019497729028057,0.01846636304803,0.038717699614151,0.550185520266373,0.033271234349851,0.018378605507777,0.025900817364376,0.110923199365003
cg22886575,0.850632232218894,0.572632635107965,0.39521249874098,0.799947390000635,0.933392371571373,0.810993140316644,0.392740770878317,0.212288376922548,0.445127182974635,0.745996666858621,0.643474252152189,0.586645607566728,0.347107846393056,0.054337788474202,0.301613213139966,0.317683177270542,0.102516913541709,0.801037435068726,0.923050649665503,0.652412382163602,0.494110894441487,0.534744843698925,0.738750353694662,0.467983065562071,0.897382348606178,0.923261957784308,0.814249639548559,0.273240860620341,0.490892093518642,0.842113824252214,0.817697133841266,0.664699055691774,0.411892767491771,0.063567896664796,0.258761305604855,0.413233792950049,0.955920485745149,0.876248439776252,0.392119808361859,0.938134379165883,0.838435017915335,0.399783708831897,0.741838057667363,0.556818923362612,0.818073577397159,0.181586244258075,0.232585425834625,0.041354047780447,0.119451012933102,0.117628514033292,0.047730531689041,0.129523583820405,0.11038903255233,0.175302609494017,0.089784847020379,0.197146586378713,0.346997800604078,0.116351943655622,0.107094357198535,0.271409277887383,0.019581598691308,0.305891402917306,0.17205806489469,0.204234315581956,0.102392710561663,0.061236328186791,0.136222283226635,0.060793791233644,0.122070560036717,0.200310266485501,0.162667512281489,0.105689627546409,0.111445315350515,0.059942508657849,0.961980670145881,0.02786982217611,0.154172331968997,0.22891747057682,0.105054259457294,0.096379866151331,0.106833101089358,0.078330203809644,0.069757522931882,0.154214734913981,0.804997021456011,0.047421284620862,0.119993432078378,0.104273120876737,0.067303294517733,0.100766298142126,0.07108604078739,0.763168693939433,0.039881720419213,0.088531166929228,0.127815793698012,0.083162405555495,0.048632896476079,0.101687396539195,0.052196816384491,0.045046982810518,0.096346013055911,0.137430442030615,0.075224889184271,0.18796479661289,0.510546611019049,0.83523213416741,0.068771364492684,0.070728938467573,0.071378964131106,0.147474864857715,0.048683494599818,0.101970040882634,0.084076738433148,0.594574929531579,0.236095866644738,0.461408484982235,0.127310358232058,0.177206537449641,0.043207764394081,0.19107751297012,0.137002456843693,0.115583291587157,0.215657244306076,0.102667550961987,0.087056237059507,0.140253767168643
cg25841625,0.709411937456918,0.565165926888849,0.18303100254543,0.782937003302178,0.377464653789668,0.704495867510638,0.784372353006528,0.250355330275473,0.710804750568562,0.921562239528006,0.3218703070111,0.354325723854633,0.490962537920825,0.31772811972456,0.899166136760016,0.325872279394467,0.849183862429841,0.280562998297544,0.163378662336665,0.105260384295279,0.582122071400884,0.1777779393071,0.195309786072958,0.544252319368803,0.846405382392526,0.336061117989843,0.138062028030503,0.180289903274379,0.345605124818082,0.227594432298303,0.104575244967645,0.095389689928952,0.361963176408513,0.206952642775311,0.520393152331553,0.934149182984501,0.067720218574547,0.293663613748264,0.596708725352261,0.830171234806415,0.894342721220155,0.838678266233976,0.187658813497699,0.158204538953893,0.193296798153674,0.486835279621828,0.9506206815954,0.966040583753776,0.935003309284733,0.777392597834809,0.969771953996867,0.816353714027241,0.937409098077945,0.878772905092813,0.90872907638496,0.556425208085494,0.967582519177087,0.802097769467849,0.94288671939462,0.930266760163748,0.652258837949253,0.847232535428415,0.933281731630746,0.933007741727904,0.956204971604247,0.85222053865653,0.685603752699544,0.954833179764654,0.969917881142955,0.851952255345009,0.948708008650452,0.915234754598895,0.96632533740948,0.970264516999162,0.130177441826816,0.978228151162747,0.917717926666639,0.937677415234037,0.064086735036624,0.879616862945675,0.930888508486932,0.912088834512587,0.961499516127556,0.940445279133171,0.975141833037382,0.975026265074796,0.942536092238285,0.936256745546497,0.967104004311607,0.855696092201983,0.959004324608086,0.942161584075881,0.963192102579331,0.84362402160263,0.827220756970677,0.928122004328628,0.889408340844708,0.945168033526896,0.964875024313191,0.909336477717283,0.859404996092253,0.749166743388438,0.945813569796695,0.93299550763128,0.965415746058857,0.683706950367176,0.939579945208805,0.846705226338612,0.207674388239696,0.969066821554316,0.955277319037048,0.926819732536609,0.931106279494157,0.950877274835504,0.774034078417417,0.705955112089208,0.932310613044197,0.92948773412729,0.957908237023549,0.817357891623535,0.900883536471269,0.956456204813526,0.905749152029103,0.962941213479376,0.894570122027638,0.846107330119604
cg26487157,0.548299251576459,0.701037651267141,0.547790624669748,0.375722326415834,0.230160266384357,0.964740550842152,0.744386959584045,0.719709735057788,0.269888353248527,0.164878557596653,0.593088849771689,0.514147928225087,0.666982168608535,0.810034593302076,0.014403860391481,0.969146271442435,0.823058059259197,0.157151511730804,0.916794832067389,0.9197905393299,0.114435350545414,0.578718025995708,0.877517812268238,0.028129310071487,0.06334325738118,0.70303399230858,0.04314168685305,0.461202428190326,0.467718919706367,0.712417634428799,0.966590293135654,0.612436473247414,0.763136506481945,0.509270102597258,0.384790210957462,0.022724666180318,0.596802164709478,0.75555401374464,0.105818796218964,0.972779541644734,0.421006350390922,0.48291896178705,0.960444611237233,0.854870146452587,0.966056843413218,0.018594152627471,0.016296414906253,0.037176660253644,0.0571872255575,0.042526966628288,0.413802568667216,0.048428914450389,0.124779275965038,0.010445125601578,0.213162539505162,0.010133656926959,0.014330738636753,0.505587146900693,0.107484960448022,0.214139715965175,0.019674915294378,0.011971007626041,0.605540202548791,0.018044582717994,0.013675554653879,0.231190510097973,0.332593134004196,0.015004725391293,0.062423838843887,0.018609465971977,0.107933724284789,0.076560288253251,0.017949781654016,0.007699010351033,0.011737600858593,0.018439651131408,0.019575866679354,0.02509221554832,0.340892700376451,0.037383563143923,0.044079240821642,0.043886379895286,0.317371829450922,0.156017819064835,0.38991414473618,0.084089145070188,0.028024432051104,0.049836942855644,0.014834081142385,0.024264434821762,0.151374876071177,0.023993253888465,0.011693859556259,0.039821488588136,0.008481428870564,0.033020146410982,0.029013374552505,0.037829778042345,0.027066972481063,0.010446368705714,0.027407265328806,0.032178375792087,0.020503322270291,0.667872497140017,0.011640280110231,0.037594277105113,0.641198404846083,0.028282040984538,0.009257023393398,0.575439278169295,0.085043253726318,0.035947305594107,0.029763387384111,0.240770740039835,0.031961669970627,0.379834342933224,0.013698038871725,0.314410297139962,0.294503937468085,0.015677519814343,0.061434648610635,0.54682435008982,0.027112829211377,0.030677432416592,0.020400263041736,0.171512242959965
cg22871253,0.671031749612261,0.519025202209503,0.932894619159131,0.517519508951254,0.024402897130016,0.179411950912638,0.817425453648971,0.813520256029587,0.51490093895739,0.88496684849059,0.844343464004243,0.62471249174641,0.875299955649552,0.897723362359637,0.203720762472459,0.832138953459155,0.641282099877945,0.593629755003398,0.942080461680664,0.936337998122739,0.135229117179762,0.930125002123691,0.847758442587558,0.055974819852643,0.145520712318507,0.789634425508214,0.824942648600058,0.925217434623427,0.690676751182723,0.666887918194648,0.521073650764556,0.740196861653077,0.771940815983185,0.173874449812031,0.742652381096152,0.163073285781623,0.717955960270458,0.162812022798378,0.793295537351419,0.446260340032591,0.540115840893055,0.546612452629673,0.838822638066758,0.957660647731256,0.446620237584851,0.312209574461347,0.16092796130613,0.097758636797083,0.401569225436952,0.183388603122304,0.211313750794343,0.41349178316955,0.133999497019931,0.160062503307563,0.282052908968713,0.155258880940873,0.095490881657282,0.815474375952849,0.15748095692256,0.116048087520457,0.097412503404472,0.101253680010404,0.551195585455619,0.113993647924616,0.11559471759491,0.439687639385488,0.137314802197961,0.212486808754448,0.282277323439096,0.149400010981171,0.519325338413824,0.318691661115918,0.083974147290178,0.096817416959796,0.155666724703938,0.084809108688949,0.301641110893774,0.304647319838759,0.211567801438117,0.382995094525104,0.121895469091713,0.146690738666511,0.300395272762288,0.197256968186288,0.687709662731791,0.030121781071687,0.059050805617782,0.526479627608689,0.133142997880393,0.545116964442497,0.049895877017329,0.040499794108852,0.112695145060239,0.107972164897996,0.097530551257202,0.121148698801993,0.0450767306257,0.227780450562508,0.038668614543989,0.114052733406989,0.190348678764901,0.137780765176806,0.171095485450194,0.262701636636021,0.130408739331975,0.68457069391891,0.181874484375163,0.416938617960587,0.225476965929412,0.022822513930316,0.527058069795506,0.286967020406237,0.369236089894473,0.065715817732775,0.160608865824671,0.320901037089499,0.046414992455976,0.078868373258184,0.086095327085324,0.055329819182284,0.311303939991436,0.132847191859462,0.14766830671701,0.096507702597071,0.24220497718124,0.267830199414517
cg12595667,0.408619732845629,0.181559590885448,0.084185364686873,0.528968775432382,0.055221569706226,0.059059203706603,0.243739414717189,0.068283497378413,0.365259299537404,0.735018640886177,0.905128173313357,0.254623836378662,0.083294302274655,0.050007722716251,0.364930734211605,0.486051032731144,0.270710804269689,0.070537603306394,0.065537018440218,0.844063729714887,0.492543202041939,0.068213253367711,0.079126992051121,0.340014240262546,0.419408200245229,0.26735697711183,0.476821831679687,0.15221144074261,0.239523919811109,0.116941118128835,0.78288743679501,0.048644786760086,0.168873147351815,0.046046611715864,0.138345665603634,0.278349913060118,0.04825817340862,0.224856624714746,0.489693649435272,0.509950641718498,0.765442621925,0.201685523626039,0.041002917093646,0.093950860819363,0.394608327018129,0.790283357705397,0.938092227025448,0.93926662932345,0.78792108126956,0.68032412852394,0.88149288341305,0.786459387347787,0.717967759007703,0.890712562468585,0.564547957686197,0.491824480222808,0.497799315679785,0.857404780376787,0.743110118489061,0.860790054585984,0.915660035420472,0.649725398965406,0.820760928504766,0.387758155257809,0.929056752235515,0.858005114167217,0.593593563378989,0.418448086256216,0.827724841772948,0.449570644704177,0.928702197296287,0.676896385627032,0.934405181379646,0.898727545013078,0.957507707795563,0.685225548458772,0.758316992150864,0.552479893166623,0.633054546483191,0.673572162494554,0.801369506116995,0.756329756404686,0.439099566249336,0.827064902255175,0.891395267225506,0.936282646267901,0.733411736740556,0.843025995381454,0.807099814100035,0.818418672685868,0.91338016924344,0.569240629700081,0.902154385384789,0.61764725422495,0.855762520667438,0.733999417541563,0.336336378824128,0.865069171402465,0.947624104089094,0.274371382715438,0.548237449720841,0.414127577755427,0.813141223935778,0.748989437550865,0.234771682889442,0.441604066329339,0.804609067207969,0.482280048459208,0.144670434355464,0.941259343010716,0.157266568122819,0.889320176433898,0.847865056557722,0.671222933381502,0.837886827739168,0.261835641603985,0.59583963878601,0.440049962109181,0.958295111375527,0.698312426242563,0.727729269048513,0.11735263018691,0.6238647889934,0.779968839345999,0.65820240228704,0.779014457503154
cg17939889,0.525671728046478,0.083134619814095,0.057607384624278,0.048155331972413,0.031994918675586,0.396606967881764,0.758460415472545,0.024741421732226,0.841545707832123,0.90125414013341,0.04346973958437,0.104185640190025,0.885114624602121,0.026624941050438,0.945786968828009,0.022443514485383,0.881723572428291,0.104840439835781,0.030843240926986,0.03168902545844,0.703372308666248,0.04802686663384,0.067050315629086,0.524877741190701,0.28361754433983,0.896560604032238,0.237802944335003,0.023081629260728,0.285802261024919,0.077963340353502,0.2289414025262,0.028861895511509,0.058280623800015,0.022976259255224,0.470304805601086,0.518934167559699,0.019967293240358,0.653087763499095,0.590397589890183,0.090289373197418,0.854301033151936,0.04089538884138,0.02739856242359,0.030676852739023,0.033839704281393,0.224206503135515,0.838153377703126,0.946748412894418,0.755589479711007,0.61540311543003,0.742758899774511,0.541136114858421,0.817492099357795,0.789255383775668,0.313154927977532,0.501823053601174,0.937297197157381,0.772994658019042,0.688064843629284,0.866714694262207,0.526722390608891,0.922131613680564,0.698521764423415,0.435618280255866,0.920035461806937,0.821397799807819,0.451724635683902,0.675618981078826,0.883679268292893,0.20461430669937,0.790532483041755,0.867036792613626,0.88677473894975,0.963220621077923,0.958847875206408,0.94217642909443,0.644322857073918,0.637420224224621,0.699791934500033,0.817194916034562,0.855767949108386,0.612481888460091,0.816251258980144,0.849769235654651,0.813431900538481,0.913794375819946,0.849099966657931,0.872407586787356,0.950764151702691,0.865962936462722,0.861087069644416,0.72861304769079,0.889830784457816,0.862903041874335,0.857213679629418,0.816588276337619,0.831662549575946,0.876021788196732,0.840914810385075,0.898971322864888,0.688110713642929,0.766362532812797,0.767128924418858,0.457587351840956,0.959905686675283,0.722254826566422,0.939835400704062,0.631078237367225,0.362924504097008,0.943014259726812,0.790892123278813,0.785216180860955,0.721541427073493,0.389965578346202,0.736208719349627,0.839222632640817,0.293865262043166,0.861895940903681,0.971617528434432,0.518531628000293,0.383728940157691,0.713418518253866,0.69310648447771,0.853505146332877,0.897241123885944,0.771167697905203
cg14020052,0.617399373223479,0.129698341082985,0.05486456535412,0.055542462179917,0.04519431977464,0.517203296434022,0.818552950708719,0.041960725382528,0.843956405796584,0.90638552181691,0.051125399302099,0.124624413815271,0.862803042336857,0.048713907111019,0.933874539277704,0.0315307283179,0.893804267689732,0.158105672296419,0.038341129256486,0.042075934868229,0.754611805038287,0.062292873966512,0.084348345074711,0.621757435907813,0.448035708930978,0.905605365319199,0.451054609753169,0.024168502558439,0.380469194407921,0.096462747343025,0.385905569757947,0.032778044642012,0.085931348341669,0.031163834971249,0.504705739793809,0.622594080874565,0.029382355021506,0.759381872519774,0.737344528451665,0.184919454544964,0.93419050840717,0.051928548009086,0.047406281811254,0.032904604797032,0.044468456823169,0.324193383602116,0.847086355343244,0.930878192743032,0.819341700711364,0.63367343707612,0.766618070058606,0.564557664468068,0.841969804096387,0.82714965753914,0.376538073877454,0.545734954043499,0.933996479943612,0.772526341040222,0.72448053062672,0.898913102987467,0.481470571508058,0.916458995884296,0.760388304756689,0.551800062437718,0.928421151674699,0.891116691457426,0.544757387144773,0.738861817978385,0.909809831063569,0.319047138033879,0.838844670723504,0.871286654072397,0.912351898855166,0.960552522973339,0.952330120556561,0.957307654321723,0.701094384216435,0.722195968283969,0.784389880508707,0.862706558334972,0.853231255593989,0.635986309816799,0.814977751678538,0.869632291212184,0.79773589272352,0.922416428521398,0.881151592314917,0.878646876471912,0.93480666693884,0.873140725111085,0.888625302733591,0.72600090936133,0.911508223491312,0.868405245331134,0.880400317410986,0.825950462444761,0.857683263336964,0.873307558862643,0.877786921315023,0.865514887514451,0.735095669985699,0.81122536022396,0.803620127689476,0.558142818219154,0.960169648285128,0.742008697921841,0.941904002064744,0.723620450460151,0.495309566407611,0.933294397400004,0.8462546837608,0.845581478375751,0.768817336139123,0.379582104609741,0.752621702017373,0.858224286743682,0.377690595711135,0.895137773323276,0.950166230218948,0.611574021147864,0.453551157768211,0.689351588151666,0.756721511651448,0.862594579692165,0.899115726871339,0.793080826090853
cg02658690,0.10925028434357,0.078013371221552,0.090017507542303,0.066145101333431,0.027841646799458,0.044664022020549,0.21150318129549,0.048495144192856,0.137406363002263,0.072637158824407,0.036922562244969,0.038203823857615,0.274510022884746,0.473483424406782,0.04357730358727,0.024953561954932,0.121773707115026,0.197500921773125,0.149295271342984,0.832366960562578,0.109945221998702,0.090112349288905,0.059605309476025,0.016490355996622,0.122995539966387,0.041084260741993,0.118527193751578,0.029514849928691,0.046474812030902,0.061297925197183,0.025254826454933,0.042986814060032,0.069008726138534,0.023310638826623,0.054208282544091,0.289355386680444,0.0288476271942,0.049718943736678,0.447260486062762,0.046133055538297,0.07288618287264,0.564371244497017,0.028538773178891,0.020423462462954,0.039128161067864,0.312617688596285,0.101707704972199,0.186526904024537,0.820944067512234,0.516059603860095,0.968310598779772,0.278266492479859,0.19930777488265,0.069706382127029,0.893634188413729,0.529955530756713,0.682872325909571,0.899290587847886,0.471770917765549,0.452578684052336,0.06985936731029,0.026034475101475,0.82572037073221,0.942889511516951,0.482596125820426,0.558160529143615,0.424641249572474,0.599964229935847,0.346238481240653,0.772113256116985,0.732518526443148,0.838161777306371,0.212416726753238,0.824140506300287,0.028571798055241,0.76065669418514,0.641073630878387,0.612006316931328,0.789609415591888,0.805484492622949,0.416434135989071,0.590295413358731,0.537387609922197,0.459896816567197,0.067466197017066,0.967830111678238,0.653437985903776,0.601086780771692,0.938617871598608,0.512690234614343,0.813785954258222,0.34243817146093,0.949806014747966,0.758094756187135,0.647274864712939,0.655053533150666,0.886548868380416,0.249984436207209,0.79733230973992,0.969645219303189,0.526054060536997,0.75497346147136,0.743893425282143,0.912172470667876,0.073451874505116,0.205158507986903,0.466348279806155,0.114712320400775,0.360909640258076,0.975484405943921,0.807514691544232,0.684305052450732,0.760053327733255,0.339493063325493,0.350566553219305,0.402808529793904,0.908618576967586,0.159005753963291,0.893446496103054,0.33096052905235,0.70978009308445,0.960959370646549,0.630899992567686,0.235389457716743,0.342254236200428,0.315159662798057
cg15455864,0.581377633666085,0.5126615273451,0.656871008101488,0.531469454031959,0.900738685418418,0.688392228432574,0.670064302637161,0.745608531804045,0.501133086055252,0.754412691626897,0.725445937918449,0.515155851914113,0.754052276456093,0.851222572893684,0.709681279133648,0.792380862405887,0.658209096303586,0.458500464257564,0.876336826575436,0.787267953470515,0.500066225816353,0.445882379996985,0.726874804393275,0.905504324199375,0.850539161739315,0.30678878088677,0.770533819689927,0.278645744279582,0.354597448686521,0.707685811032167,0.85880208962872,0.070452425450715,0.714439393585995,0.06056014691074,0.762241961174765,0.558817150825302,0.823351706726276,0.684786886564465,0.707311414410274,0.870982840694713,0.635103443223415,0.427762383997371,0.045852563027388,0.538855199228345,0.831794346822701,0.052429941547778,0.031447466953766,0.857091202924323,0.101761521837544,0.102321105517548,0.031363922759298,0.081487779521517,0.68084365718533,0.062085576201426,0.059082943068283,0.036665107116667,0.03017757381864,0.056751030516263,0.662426553058868,0.271612319391416,0.023037494201331,0.164103323948992,0.057651754621111,0.571776666190132,0.465477725582044,0.341178892887931,0.075563613294782,0.048757251162842,0.149862752060413,0.074829525243808,0.102448172026215,0.068265544094321,0.343018706507831,0.030336650412942,0.794606738162919,0.574055489268982,0.087313417208299,0.121623194405465,0.549440228674448,0.066088383043459,0.078708410751284,0.058602776286085,0.074926855289443,0.308195265597396,0.615902888147075,0.023438640794921,0.092809172774127,0.334986248629066,0.046941848910894,0.070391981133959,0.057743885362586,0.32731302081754,0.039937080922297,0.078894228057719,0.03877294438465,0.085022649245514,0.436647223737027,0.06791536879222,0.032406400505318,0.021370940165748,0.059775905203983,0.096355223647253,0.053745014128538,0.036935600003483,0.876870627050195,0.46805679012446,0.026429284815378,0.592406231958398,0.743375213137775,0.024024002174704,0.02930036901244,0.043478429186079,0.0639499673827,0.500600838237504,0.339947606409358,0.580633618836273,0.061018209730425,0.566378186769284,0.341611499392187,0.06438613555124,0.038459366034553,0.042382898370478,0.099357022827257,0.097884473807901,0.63574345803573,0.374011735294305
cg16047279,0.151093155812271,0.319593508444357,0.100725467118291,0.108957710086603,0.25598398243964,0.237466400923501,0.105930245273098,0.08112109934999,0.091168757275328,0.563931063494866,0.246122235779944,0.2570756843074,0.040828480219049,0.74261191547387,0.10100267604939,0.281305978438506,0.856282284766484,0.050677295291266,0.051986946288519,0.384477265289373,0.166811662677908,0.396970933495593,0.113921792683026,0.050391950820235,0.417522390482723,0.420889080956556,0.102390987534977,0.129431216520931,0.433731864466183,0.310669200896034,0.153123565574051,0.502965959148664,0.09841557035764,0.873478240484108,0.858889033583429,0.132953360693132,0.110342239458723,0.05260701605372,0.068529340625724,0.724242222494523,0.034125422418325,0.199481785549118,0.602178504765478,0.640295754483129,0.05225322920398,0.572955095091852,0.907088215608428,0.916993867389241,0.702669029190783,0.576147479244718,0.713983108067402,0.684293473938625,0.892385577438852,0.486417352075158,0.363176734891797,0.450934908433482,0.953609479426589,0.823459506986684,0.383070143604347,0.628032441083655,0.250369017743584,0.465683892308161,0.765685996657459,0.487852655126639,0.881175852488145,0.886699024392498,0.659530361237235,0.749828752579036,0.799402173657626,0.272537357234046,0.818940586777199,0.84039084303681,0.800798627785585,0.959307191213062,0.049281457506709,0.774915231396787,0.617489648756321,0.536673289578858,0.940841247507023,0.807712780915424,0.812447724819935,0.656684037569165,0.890124267982031,0.511782754014757,0.43389723757409,0.949792266204943,0.804561317668576,0.736685079448677,0.949169847278983,0.867894833493016,0.924543087327366,0.534450024676135,0.888188142395227,0.855303390043957,0.055484865588293,0.76849576534522,0.869833665211026,0.836244247093069,0.936567026163757,0.9278705491705,0.782298932359885,0.801381151957953,0.820904449936157,0.757621564138344,0.092696486541725,0.370421630375,0.829476424289634,0.600048497002369,0.826095657506258,0.913343057962557,0.833811948714112,0.889204475460907,0.776896456242484,0.47098748244498,0.586876191117589,0.164198132975995,0.336723562869106,0.471447562306816,0.957839481246061,0.14233756935588,0.710789221529077,0.705586339136156,0.652180596376793,0.920667216727522,0.90526102214071,0.800953809340735
cg22076311,0.909267360398412,0.854978679050664,0.233612082638176,0.731113377516534,0.971134991912936,0.130940203516084,0.476718045608163,0.331965525829835,0.928440925126203,0.895808600094908,0.751144258870375,0.228467293514591,0.982007071117955,0.132408535724016,0.987249752168154,0.130270740865401,0.918580002310671,0.962638482055848,0.974160528630768,0.97747386691254,0.855189873039609,0.43116770104348,0.637440234854217,0.956468975259923,0.966951381037483,0.926444446287946,0.97523393503509,0.080262206021772,0.792444983603121,0.695614316099916,0.979147358918568,0.176041019933676,0.629390707863777,0.989035488403929,0.243252934629639,0.902266301223794,0.109649185310263,0.98177970059992,0.4769824404828,0.768472110045047,0.95722876665546,0.632268093823211,0.351318292243492,0.672637399957033,0.131518468259014,0.779648356234503,0.150886630786594,0.104066532190285,0.123461096485536,0.353991636454858,0.242663602000953,0.176139938871313,0.144401989231263,0.184178034518166,0.206410411550407,0.061249390735213,0.07949306313221,0.108245704388248,0.172292880096207,0.190842870445779,0.162428099898937,0.474906763631738,0.104715977103854,0.382041772518482,0.074922648073136,0.258924085871206,0.226956603545613,0.167480912735187,0.215492108258624,0.265767348651426,0.076536741781659,0.15961731791259,0.19739125402808,0.055737138990779,0.102600740792358,0.93541236377556,0.230014826474586,0.15271582172954,0.973943634676182,0.139014584336328,0.143591600496859,0.16840517361916,0.174527531353268,0.184331657998131,0.263112010840878,0.819363933137663,0.257935762292276,0.233637114568262,0.158881718331665,0.211566511068562,0.172597154372689,0.18014152339603,0.057188030163754,0.621451968329161,0.972869217787824,0.182236801754711,0.124511392254734,0.219016058209889,0.058568840207708,0.387966728046913,0.163087778468928,0.231573093780614,0.157978548499354,0.118625129391386,0.084515011842162,0.960353362598288,0.197735919481928,0.303100522616231,0.50963933217314,0.104524081839021,0.915114400706407,0.170643882972458,0.152651108389495,0.241424554304774,0.166005834554736,0.052025260139669,0.051195108901917,0.458649828714907,0.315564217660794,0.126717546147136,0.119319689991691,0.140913745297916,0.22913604203536,0.2164665401488,0.131087358158472,0.250727474430917
