,cg23786209,cg11936643,cg22698604,cg27008230,cg00454770,cg14608903,cg00950497,cg03955683,cg27503398,cg04239994,cg15757793,cg27021181,cg10549831,cg13779868,cg13599477,cg14426660,cg24068468,cg27367170,cg06551418,cg25924823,cg17951388,cg03309898,cg01042334,cg07148318,cg15858166,cg14424610,cg26691533,cg07433411,cg15780870,cg18893868,cg00055764,cg19323951,cg23930334,cg21515023,cg16574643,cg08295072,cg21612170,cg08934976,cg26336790,cg06942978,cg02286968,cg24908166,cg04019076,cg24131141,cg01256882,cg27298526,cg21956099,cg06560300,cg06674436,cg11832804,cg08994336,cg07728485,cg13995918,cg03935379,cg06531176,cg25641025,cg23827991,cg04524431,cg23211257,cg25518571,cg17765437,cg06904408,cg03341025,cg02153334,cg16750953,cg11666982,cg17166338
RMN1,0.873404188924162,0.644902315865117,0.486607804750203,0.458771667086542,0.816219639146921,0.760677283328253,0.641477442408815,0.673667031827387,0.621410508018806,0.767021652182829,0.655846525371304,0.7589367163669,0.549915421844235,0.523975162330814,0.1204462361327,0.190044474546249,0.328417210507513,0.283907248919356,0.596591987620735,0.568126739688644,0.443021342793515,0.485569712549532,0.478223624763495,0.392083855623779,0.332094215631928,0.52499500068093,0.366393049199254,0.479592255866079,0.51634183153012,0.475378611656515,0.25010953495725,0.493385835684193,0.608633473325456,0.714951581222214,0.647868503803727,0.541675827565862,0.398141047174057,0.563494080990232,0.413636329464678,0.308899168812889,0.512236902719477,0.674463803216709,0.332055350259839,0.333048493482135,0.480742045678649,0.375414770085412,0.372057525182158,0.520213749785148,0.457790765858655,0.430569156753452,0.529429770751438,0.563420048267218,0.555969721062516,0.411329776566534,0.598374901231188,0.443255857890644,0.406559292728592,0.553591542994585,0.41072112947415,0.463034574435713,0.470283850447224,0.454468689911582,0.304691510866618,0.354080803187317,0.313463376344797,0.437865220364101,0.398804443049364
RMN2,0.883752333322001,0.889494296158672,0.85219693574441,0.798811421999133,0.903044611529349,0.821287841479405,0.837568556811836,0.64236310913528,0.715889897550414,0.872010955971038,0.77841869039772,0.932446885999488,0.878940843321039,0.900032832292845,0.536185416068907,0.802609467911767,0.858910181505094,0.893135957898434,0.923745330777913,0.966016418345957,0.855623849747483,0.394664511232626,0.389392645622153,0.423443636696608,0.368724975382037,0.495452493918288,0.310429328520891,0.250136576516169,0.231472338276408,0.40442800345209,0.362262164930011,0.466536858151251,0.899728740490362,0.756553729584681,0.612062986538459,0.528489057175343,0.555161075822802,0.701704398875299,0.502317951846667,0.40790537474662,0.703990462208361,0.58305736463897,0.412985870873485,0.356537746070994,0.5791823647941,0.577144388701934,0.472129975482063,0.579374036398028,0.5406759027626,0.497933335851035,0.568862671826241,0.632888430068743,0.525734188598334,0.427237317818429,0.760685477993796,0.512198652627372,0.529690128638501,0.662786736742777,0.666916865574213,0.568312338842667,0.46699978834317,0.485586306540573,0.152558156362453,0.363787045982718,0.563753576148541,0.538895637792135,0.069262455663839
RMN3,0.902517420001549,0.771651275781545,0.276928216069324,0.217705323718383,0.505951121688694,0.60357220876891,0.772325402325904,0.135155560533077,0.176415502405317,0.138100726918084,0.26585602344074,0.941323409723426,0.568128060827741,0.860224254160939,0.468532862747951,0.656607713543953,0.675411797008697,0.613280384062148,0.518183217835613,0.458204627121116,0.734292567660739,0.385019250966657,0.460397372550693,0.304143163184526,0.418543931728674,0.434600037258218,0.330429815632195,0.196187150430291,0.2647986213976,0.366855078954548,0.599386970493205,0.382549141087182,0.684420657830492,0.643950664118276,0.579828537452945,0.668301965332778,0.321387825655328,0.680419294852507,0.479149599890581,0.205057193499869,0.515053206385748,0.639738516504943,0.371416685325818,0.315379115054118,0.501804999454261,0.296136639473257,0.423178195064842,0.423279323147136,0.456198982442861,0.368038939803191,0.650935556651196,0.510136424260249,0.534919440467668,0.518514917505969,0.687712533556477,0.413050693283054,0.34972223115593,0.364232483540999,0.228212504960468,0.409078143733327,0.572243074903534,0.40694241352947,0.325074349026179,0.377875531474197,0.444616171788348,0.549961401336007,0.634775806952762
RMN4,0.923666560277597,0.830205364057772,0.241700237157723,0.120712827746772,0.610935606723939,0.721045660714595,0.813466767807033,0.597456239337557,0.540741638584255,0.826483084505553,0.778338695821329,0.847199500158799,0.672779228503034,0.775257987574439,0.067252945920773,0.205416184682282,0.292988351519012,0.186458098553243,0.076150880572363,0.280810833695111,0.123609395455869,0.157380125648786,0.159276817086576,0.110839258130865,0.145894792626513,0.278394180970082,0.206700603133862,0.215378924535065,0.208827970270918,0.214217852573739,0.074906128744029,0.446834873988386,0.931311692304499,0.659213097052096,0.571880322449348,0.352423049867504,0.592069788500374,0.528707391695408,0.441077491760204,0.287203939944997,0.598838972329732,0.528436614293818,0.377561915478028,0.253934664755991,0.509168014667786,0.28302030035995,0.445695734530324,0.585426545486652,0.494278704389487,0.434785994303603,0.698434661859803,0.504891097575114,0.496900623829744,0.396914063409865,0.73526826750231,0.540833473815517,0.373105597665203,0.511793909998857,0.382140857230074,0.508151460316892,0.44268974083648,0.420929260827379,0.21391929388966,0.4564130144785,0.476974499240324,0.440153041608423,0.387402341232622
RMN5,0.773513181254007,0.826893284102464,0.755042128083298,0.704057079498098,0.888625430506234,0.672778872547074,0.597933990707522,0.045452803941421,0.103504462053097,0.254371915708951,0.059158536174221,0.943464262027388,0.915101972883073,0.903824308243873,0.754380412744164,0.867158407593832,0.917275213451157,0.957603845758295,0.967069782520901,0.981929483157811,0.964211992753301,0.79613759953186,0.684621579056859,0.464979670392383,0.927134661280087,0.870103774566766,0.882711428057956,0.985503209742276,0.989139509602992,0.841514920135613,0.715040573102758,0.571460873513797,0.631777638882951,0.573324159538349,0.721061559481449,0.69692209447265,0.527084222167855,0.638695295315822,0.470372348753489,0.431573875328316,0.735277331008682,0.955313729458621,0.455675041385261,0.435303513008887,0.590245046709376,0.602346377916902,0.507323076790359,0.629461241217503,0.587047912397757,0.497039436688416,0.91198179294412,0.64001335155134,0.536334212958884,0.436887292256341,0.744621570410587,0.499661187362151,0.438037016710734,0.64807382022739,0.68916295650694,0.565797452953543,0.811489286717588,0.5159498569698,0.729149748836353,0.459544112700983,0.574538382992608,0.56989647633514,0.385600414285548
RMN6,0.93999602701166,0.860546147654873,0.747201474503218,0.835615645448921,0.934017161090915,0.887696718974815,0.910012619204242,0.771827698102357,0.791071169181868,0.8463212891285,0.812983788946593,0.829896072825753,0.674749705802186,0.801051536744702,0.118642986900897,0.333735075643556,0.323312924143503,0.239089510189868,0.154816936370937,0.335318248272751,0.151894965177726,0.259634561579635,0.568092168431958,0.332061185063564,0.523502306811035,0.720405526048692,0.626249146628762,0.810296902711969,0.874619861431403,0.540079031574653,0.896858187744192,0.500272837467654,0.758010553910841,0.295331104634973,0.385960295728445,0.642109237721418,0.373431404140004,0.541078331342628,0.44359580087888,0.201643490429813,0.436637182258148,0.738016261712501,0.293597996993317,0.146328517382466,0.382071909056416,0.174641563170914,0.430499587638108,0.368995432279328,0.399316606512566,0.33672702134363,0.465054667613581,0.441219932695191,0.453367640293012,0.383277055306474,0.427802796649664,0.192731219775726,0.219482436135362,0.055740413478975,0.171623416560172,0.303544811741396,0.545380166925949,0.514926511485204,0.528171067018916,0.46424741553074,0.430405984492481,0.45128277501889,0.683396083803824
RMN7,0.789175882817344,0.573703300767713,0.475927672747863,0.507176493026157,0.731535003590351,0.732733880760385,0.674480636432079,0.627772384720639,0.671035312065424,0.716971853753823,0.614531014667973,0.783174266842685,0.551445682973076,0.682451878836777,0.429539538387731,0.506190977430148,0.56079411447329,0.553696390950477,0.944469959997423,0.981342293840894,0.838211812304159,0.580314804220129,0.686468826718674,0.577050852643636,0.371591971294331,0.577913562966934,0.45703419848439,0.620857933251966,0.629969344698964,0.467357798498903,0.401385090297367,0.534356110747091,0.672596866045683,0.959497407236082,0.886352915672491,0.694006391235549,0.86554684852237,0.944403268991116,0.804789496659352,0.967867539645983,0.905769154367374,0.978590730267183,0.730992109412093,0.973944173130944,0.887942872373853,0.957792562806152,0.799002202109454,0.982240345887035,0.986673942598294,0.967711386322616,0.979518857852073,0.980808817259458,0.981285015450201,0.827988018084949,0.957913690902934,0.751707260609465,0.667865212188533,0.953404723739807,0.864911013450032,0.962220132419653,0.674416784453313,0.492330015460312,0.301736441748349,0.431263380047568,0.607184204845946,0.486989440271142,0.64593279140043
RMN8,0.777202297205817,0.379524917216976,0.140700514372108,0.127578259293289,0.304948369794196,0.584838238048336,0.623135706003298,0.435978900819814,0.409688044810787,0.39569514064899,0.431482375216496,0.784453520558183,0.604718677312952,0.687943258066736,0.533224305090295,0.739468876402335,0.644689673638943,0.68922651991031,0.772032345726103,0.668389574846713,0.588621755327507,0.593923993523126,0.548020939541547,0.680161694185415,0.414872149438983,0.597482246971564,0.492095837404234,0.655587015365229,0.670736315834306,0.419207906059751,0.581138467368001,0.48081653693416,0.563463009147849,0.536720846472645,0.594214811213442,0.587395465746656,0.474370130195885,0.799428645510666,0.531462675764736,0.408880324180505,0.612049596442627,0.64681802587312,0.474293916562991,0.270969189944608,0.55381060262469,0.577883961324607,0.561513557365031,0.568088532873884,0.571086250240093,0.501729214500644,0.584664643595766,0.632951624978517,0.664002545462925,0.545106622941956,0.776158802501358,0.635151149836601,0.548726688054481,0.671451222114302,0.657248816465887,0.55945789362608,0.656039608563245,0.553657812054233,0.495531151932567,0.417646778734393,0.658534343896362,0.546008374882056,0.651016335908654
RMN9,0.210231848914122,0.077234267467748,0.056498965186646,0.031979085307272,0.218903201416142,0.158670228587767,0.263676511024055,0.081827264350121,0.096646707322059,0.022039666722103,0.096467809092284,0.43631174263148,0.423329561226494,0.115792716946139,0.05069226919748,0.186462575671225,0.026811573678087,0.032204059505069,0.962455891524967,0.98750666346255,0.949007921896374,0.898404217939777,0.704867358777369,0.924472008595511,0.706275810317314,0.839770767596527,0.75312423745172,0.931946341345567,0.959922799829563,0.808953638250854,0.902378477112194,0.015256338694728,0.014868351899297,0.98026652630294,0.903163250816465,0.955497009353089,0.956426867457273,0.978559077961663,0.872867959590269,0.970074718097518,0.943237650758512,0.983112491554206,0.902989965080495,0.97925163148547,0.905745873548279,0.952581375599478,0.842310058846594,0.981600972145218,0.98985629211287,0.984611435975572,0.979975246639152,0.986537874018193,0.97761812012277,0.83428344350621,0.949854951173936,0.823760370938101,0.708383030016937,0.955049263103689,0.728115862979963,0.987028428291822,0.929596643277985,0.983129338167745,0.78608886306363,0.956654863158264,0.935098671531415,0.866437672327537,0.953104420825509
RMN10,0.888933874724457,0.497874586815846,0.234306763825593,0.145046180118119,0.606679757047989,0.711480694088086,0.649968200096309,0.733435877123968,0.69775232608404,0.779622070889481,0.685939861198243,0.860509924831366,0.525354590149677,0.703927369288841,0.331132902048639,0.294766997666704,0.407652140807013,0.336390387698956,0.952779296597912,0.987358760078056,0.954989554764198,0.845936829373094,0.833994879042006,0.882433001787709,0.282188150940997,0.533102506881424,0.356547171578326,0.428235254628773,0.481637159581418,0.380594772266286,0.439962092342696,0.401052954069629,0.483658799951039,0.921963946886569,0.852864774695987,0.854208983766495,0.505463140318206,0.685367680578686,0.414876025260472,0.565653549472172,0.605849843654026,0.798550178735303,0.491144329132873,0.533664727391297,0.765438301679028,0.692766166116039,0.472729262806739,0.781840530585175,0.732180207573251,0.433369541863154,0.847134644041946,0.647740227640103,0.902885549274647,0.619622731830486,0.903584349438984,0.4952474646135,0.518003884779653,0.646430887773786,0.66109827489309,0.444297648863434,0.683257719087568,0.597504889011593,0.481306833033327,0.45852320777947,0.442908624255443,0.484311471291229,0.449633038268095
RMN11,0.84889173306567,0.388745273714509,0.104955529478059,0.063815266079879,0.143917716157436,0.404903602834432,0.867019739609339,0.527068380580396,0.548542088862236,0.501939948713488,0.463979450778886,0.945731960670555,0.891782319787385,0.910497321828728,0.836226974880881,0.842885890927921,0.884369993541696,0.88914622725673,0.740518632563696,0.905223898482426,0.5075886964387,0.223986520915197,0.442314664930729,0.200390972277997,0.53072112415015,0.656056387290503,0.476513191577486,0.649486358422905,0.707013392492261,0.528987233815595,0.388248724775148,0.717523689169842,0.958269206698747,0.058370304435399,0.160146128448331,0.134012431043744,0.116783833965262,0.427180896446288,0.210914792050005,0.079786146418466,0.226497914776618,0.832581693354484,0.186651165423993,0.027385510635854,0.141175284942631,0.037911889917373,0.151565114522015,0.093816192068034,0.104692414892387,0.071385255016566,0.196697196508058,0.178320454716137,0.270270668050902,0.165256914918685,0.214186111623738,0.181944587713417,0.237592125813994,0.134939381498536,0.201829893171228,0.093989575238275,0.281706642776923,0.170511213090693,0.08093728164866,0.111650833093492,0.122451047415754,0.461916422791731,0.656586683142852
RMN12,0.738439820647933,0.611118276152418,0.475032640806422,0.498956236016087,0.780138141789394,0.669413015749591,0.846302190655506,0.597507232281726,0.665783756308419,0.635322747802978,0.669965963263743,0.854695388541808,0.558253947223194,0.74180890337883,0.519334772206026,0.669274685464561,0.563694710133725,0.574814258156246,0.935653164003552,0.737469132083406,0.617095839114925,0.598432028032396,0.776750150024228,0.686096648068494,0.44811333944288,0.510454065899787,0.437119888437825,0.490117126299211,0.507494643420536,0.453241326729148,0.401759182083826,0.05321544265954,0.304615514192414,0.976037017317395,0.867797064506061,0.949646865789545,0.9243573915526,0.963332410793291,0.852202685544619,0.806988395799759,0.919230873770045,0.954539781987005,0.845990658685187,0.957916011720352,0.876020459422827,0.965962199974563,0.786409439547152,0.962051281353012,0.986809544751321,0.875198858054633,0.96791543108578,0.969072964846238,0.985600880136415,0.837759740742051,0.955105202815486,0.703152130945094,0.714756215760288,0.922241514305082,0.823041557750269,0.857977813210148,0.907261643293984,0.777392621119516,0.762000899916665,0.664202331668742,0.791146302328742,0.724707542537249,0.851488650199061
RMN13,0.838112356523704,0.639667957738344,0.478844016231436,0.381368797476769,0.748194946190003,0.76544210415205,0.74416277337254,0.616866123381951,0.593894519210252,0.720482577038703,0.659957559307264,0.778638778841392,0.498661436100646,0.664996478169171,0.087930186526882,0.225605447237016,0.277345237739142,0.142874826655571,0.550244046002236,0.55492887687607,0.430287391170295,0.384264180934186,0.545680042628874,0.349157913468194,0.487945281981111,0.494006770337277,0.449285078675306,0.421046998279908,0.412834226311131,0.389184602775403,0.55145080555994,0.253335666858569,0.585972674510066,0.579702374704173,0.532098288718706,0.533830223938274,0.479884980858745,0.579279455709485,0.484127547582827,0.284959110311216,0.659783667295291,0.617923595839917,0.418350228164072,0.271474566465785,0.487297202017809,0.573463772273325,0.448673526435894,0.584575513884493,0.527826719156706,0.468954855830848,0.636651671766009,0.592129192733343,0.527608127514646,0.455550025760294,0.645418275147519,0.57276256431966,0.460134065140136,0.589828782618406,0.489590875381815,0.482072797218535,0.535567854949906,0.507982934455824,0.32869130158274,0.466282651859668,0.444204674174354,0.486228168883567,0.563775563030955
RMN14,0.822624717234428,0.432503090872548,0.079677682509355,0.0371501603602,0.105398662351849,0.377639714118015,0.631571310243259,0.071528553865696,0.12233920946976,0.020782024783503,0.099106684415788,0.664201662276692,0.465517124735882,0.506029044773913,0.120242567653512,0.1864809654012,0.336477957384548,0.345263097111749,0.507281355035641,0.586164030177287,0.434624030663036,0.518042599560095,0.408441438720999,0.549590520670111,0.239640297468952,0.445647979508036,0.338764282001319,0.474449109199395,0.479279899199403,0.34963668221904,0.316083077884594,0.290355425357355,0.634055961590592,0.478972200113753,0.48087283757453,0.30096681770689,0.353981978132023,0.510276312318248,0.444870326675366,0.32422811878534,0.486056655158444,0.397735649417608,0.352471423849448,0.316600689213148,0.460952898399775,0.325664187556566,0.415538551183861,0.501838829563702,0.476677114251969,0.400363793560797,0.487062951434885,0.597148832745864,0.424050287957198,0.356847568833417,0.580994267930614,0.446519544575641,0.382694511522117,0.521393641101442,0.431558824421307,0.451797464399153,0.355352422673886,0.408917117898505,0.138884254644116,0.326842505972657,0.364032433078885,0.485897318969038,0.47858902372149
RMN15,0.910341848162699,0.622375643206242,0.220711636558445,0.06924363201483,0.265900450772951,0.44798799327519,0.644200801568108,0.111005465262377,0.111815554417711,0.01740875208765,0.099219681889655,0.644214092150033,0.287891830712123,0.588742589989186,0.085494065474165,0.193555932957802,0.073487712011658,0.054372950629642,0.393180391196884,0.749196661679175,0.587594068589249,0.283635279364617,0.285456703598322,0.344062136763322,0.495439838214418,0.46409345024933,0.317774135011096,0.375118758337295,0.335983923010854,0.274622631843887,0.289411124099405,0.149136161458202,0.258578045014291,0.218935935625828,0.301341662048737,0.169088381782833,0.204526462986767,0.223720904686257,0.379895012659149,0.168890765033621,0.302652405145901,0.21153015963136,0.197936998826384,0.051381370968502,0.217565942362882,0.067971652527288,0.249883872855733,0.214141836499082,0.281656394033589,0.211308569119517,0.329737483269365,0.354709576261221,0.178107487735669,0.38206469852709,0.441662158654878,0.230990929223092,0.331121607082061,0.144409025430288,0.285788915360247,0.25395869426485,0.37990872899708,0.324496904629921,0.092402687475768,0.146340920655285,0.247217314503451,0.320301524946973,0.3813683714129
RMN16,0.936157472793235,0.854469867730065,0.841923471313799,0.799350917480736,0.931467520568671,0.843038056683088,0.865532182163709,0.770628266358129,0.741283456772864,0.881352473641433,0.800202522778897,0.931477202539784,0.80861820749525,0.912232334502025,0.712005087079268,0.925484496419131,0.882171988484386,0.888233906825051,0.176931333512362,0.269228575929231,0.119013326290956,0.250168495233575,0.226826639846094,0.232634660113439,0.237132918922655,0.348430280027138,0.239180704456108,0.209577022949675,0.171437725380136,0.242467740745672,0.07411406946502,0.663597728331392,0.937013070206,0.085435920451643,0.177261827007293,0.075556632216514,0.101341675599097,0.312818922099766,0.238920962903237,0.115052268179145,0.211186344365995,0.065262676424323,0.139997881821285,0.033803403533249,0.137462941456011,0.044503445303523,0.165560590331426,0.158851909094199,0.143465620623786,0.121985312233389,0.200679677786774,0.236531051642028,0.210432446090763,0.191099804385807,0.126571169743815,0.166082161556096,0.181611316808036,0.067556686333965,0.214154648432243,0.102617486355647,0.202256836137253,0.195622980181551,0.101752182427546,0.104009038413119,0.097448419425812,0.226803267473462,0.213424552770972
RMN17,0.856195241447935,0.795086718904401,0.472486261926993,0.42180145127715,0.782025376001174,0.697688938689295,0.812358370311796,0.585461431244554,0.473410672082483,0.743179755460749,0.639779509718644,0.929628493994682,0.825769498689378,0.787546829974158,0.615009928840161,0.891147988673123,0.83852369565158,0.868647078859627,0.211756642916705,0.392250503409858,0.203099572687954,0.248937352692673,0.332684781270857,0.173077088713416,0.399795834154352,0.360199967075943,0.290053419421117,0.305301142871168,0.337703288153433,0.331216536454097,0.239040510941094,0.657681977572909,0.86747202540336,0.258381433250399,0.244206284066056,0.09670919773432,0.18571457450927,0.279711613639286,0.293614750401605,0.173601463374516,0.33928659605129,0.205104324311829,0.163618582375106,0.114396063476804,0.278380881925572,0.093096139302817,0.202093243978303,0.328969520679208,0.282157569887316,0.235731264902783,0.319845996735777,0.44005082337467,0.184391911214601,0.202813499281907,0.256481424728036,0.231283064076745,0.239647401727229,0.254111756455801,0.16487549654529,0.263159526531694,0.181814922057482,0.364748227598796,0.145212330018514,0.248861661402138,0.117807622454975,0.302564512566582,0.236541275293884
RMN18,0.913432409229788,0.769043157352391,0.421944287938859,0.261174523403181,0.738090432228172,0.626226777366659,0.325251514305556,0.507286535037102,0.510620674836446,0.715680884186146,0.720843541942764,0.666806385909866,0.403258843737078,0.538150035630343,0.073319571218024,0.168631061969662,0.130867537602612,0.044085893505959,0.723240951426952,0.398574147517381,0.419767985483409,0.185741611682713,0.452319905643085,0.263061060775626,0.300946057152343,0.391851272353177,0.244819727796262,0.250303587441661,0.216477319346119,0.382606247008266,0.133233989080495,0.343390945682298,0.475386637510201,0.487959376030594,0.510254543581188,0.389425108907662,0.298718571578501,0.276672654050148,0.251442903523523,0.198331639077481,0.234480570808565,0.316171885940303,0.235880539170718,0.221979906987083,0.204380878622278,0.1641599896744,0.257144679409996,0.240870970711254,0.213954903448459,0.165973740033378,0.611164343347937,0.298650507507186,0.21737255210002,0.372822988035508,0.471737644219513,0.258163518927939,0.31057483601835,0.127139595951537,0.443276543947034,0.208009488824017,0.481858615474481,0.303032732277714,0.287671672656101,0.203078409837395,0.148380236928776,0.426433561172346,0.252660513225572
RMN19,0.841309446152134,0.704640273035306,0.141936990158763,0.059260552976736,0.332704766900728,0.572635829177689,0.80271317784335,0.20719438648077,0.220581442036731,0.096490414614445,0.277927358791502,0.956632693361529,0.850715099389347,0.850746711916085,0.377727687195126,0.635423474209921,0.673735303083373,0.501154833582589,0.536699514832286,0.487906008262442,0.393972486305224,0.257386476705504,0.484773175389612,0.232019656715435,0.52169113599395,0.614213060820489,0.465816936396324,0.472698770860125,0.486662211996385,0.400211621196149,0.345935962752238,0.264165406630076,0.761916665619745,0.076272447922798,0.298310749902828,0.119316038796552,0.184660477594284,0.409273770776662,0.263488635196416,0.13342217434139,0.201589792210692,0.154423763310009,0.164334331225256,0.030291230621894,0.121497583704459,0.036583465388157,0.217514784264126,0.139655383842193,0.144332424747565,0.143926044993434,0.266225394873497,0.255501364941734,0.11953153979111,0.226156992781336,0.243810219567148,0.197691840318877,0.171934789784158,0.114025704615341,0.205151645780851,0.102721819506229,0.281525881976899,0.209570634633783,0.108320558981113,0.107910166355959,0.143634460080277,0.301884306536178,0.261803967865436
RMN20,0.861095921786703,0.799840530494633,0.483839983321264,0.506216252954731,0.705496227515244,0.607051366609835,0.839922362975435,0.500186850191336,0.525615404176394,0.711927549502332,0.620055431352981,0.933692930246971,0.831558954312567,0.832592324324524,0.695553609790597,0.868810022650964,0.86944569811718,0.904627565257545,0.793166837733526,0.959800719810182,0.762462275785454,0.38641328294396,0.321413631259108,0.402858633471749,0.48176279346205,0.595565305301059,0.466693915007122,0.529240744772145,0.488496130619583,0.535967211342394,0.593165108467477,0.667754926641569,0.903297424561121,0.562663644308533,0.478989206440948,0.416722617879986,0.445394014889949,0.549274881747711,0.455268158540017,0.361107634538929,0.657541221855097,0.503151442482795,0.384083944911231,0.264526554869682,0.580489230798147,0.410623193137136,0.421741002111726,0.538515610752847,0.498333730167332,0.474183750278893,0.608807899311204,0.602686379981718,0.582475738116265,0.417331746220257,0.606811371752074,0.46869072340243,0.432106938810681,0.676257266533591,0.551692365776189,0.496654379972788,0.38000394347286,0.492343807411386,0.62300650430078,0.485037394258595,0.408615269198222,0.483742916320628,0.231075674663232
RMN21,0.907931730040248,0.762215049621262,0.742494121385645,0.707657490594997,0.887629395707077,0.84740944636328,0.781500716773598,0.638150034779124,0.581067917339561,0.797444093761411,0.69212520118937,0.925149611324395,0.672282305090797,0.779404991888191,0.607559135898504,0.816948709662721,0.798062325578297,0.808291591903817,0.322864961045229,0.43865927766344,0.32320230182973,0.330912333176074,0.397510457389469,0.317659376243032,0.305894409420835,0.379535123885792,0.303919992147297,0.38514543310581,0.388036873032616,0.454540586238227,0.154311201162221,0.562055147967998,0.727818833656599,0.638741341779305,0.565088966115561,0.548484334427443,0.511666386795965,0.696303420875332,0.505133935041892,0.514210466052325,0.692491952277565,0.734673259877209,0.456067193889658,0.501401083466584,0.623294917392837,0.643503288512095,0.481471208350811,0.583449646005839,0.59442678442564,0.541409256921329,0.604984553334495,0.682911783087921,0.651198492793792,0.46393007354347,0.712126069881436,0.561090165114242,0.512798801123205,0.770754471670674,0.398299833169359,0.621070582302446,0.482185113229961,0.503908041055481,0.462989172105621,0.518056079379937,0.658545744703749,0.559685864350345,0.639944800385209
RMN22,0.904030682088266,0.744303400647988,0.454194209325879,0.471316962744152,0.802571719098512,0.708443973818948,0.858223272487963,0.08996191232938,0.137618849221258,0.02169901207776,0.101100063416742,0.894116575367618,0.574085029705435,0.810461073098926,0.252860141544194,0.511892935298592,0.454269231867745,0.385171280704914,0.327466128252782,0.50066225016792,0.374692734610099,0.5142097444862,0.324137654304914,0.569580191856673,0.503538704135803,0.610449246387854,0.520211113105608,0.422125982245911,0.443338112861476,0.557871935648951,0.403100089886829,0.131473484354789,0.506027948415143,0.296308371959727,0.396520896926129,0.40036118583657,0.229134159283194,0.331933551612144,0.467494831892806,0.241720811631179,0.556758115367133,0.283856546350631,0.314336150252451,0.093518552411863,0.320980482699718,0.113905251866857,0.419567374586472,0.237329293407664,0.346944867473725,0.27994278358357,0.423677950531849,0.456495564876461,0.291847158300493,0.430307105030018,0.652158868457592,0.523746689898856,0.381498558846919,0.310994710191379,0.42099532844198,0.322300545792536,0.554742362789992,0.323361671821344,0.153190405135493,0.275853730420683,0.433445923105268,0.447343244721425,0.695787371959581
RMN23,0.881856234866439,0.805638882038624,0.447767389601683,0.371270491042707,0.768035721407481,0.749650584188504,0.771687484478982,0.648496041589501,0.638605832919419,0.763138805403991,0.693268830866029,0.921598005524299,0.77848266051756,0.794416482141019,0.332142266506447,0.611052875002878,0.68014405056362,0.554949827847572,0.232885866845456,0.366049671842898,0.29577061498029,0.256796752280191,0.27441613509902,0.249093915350352,0.367710583375538,0.447942973710566,0.315411348332307,0.361366862016036,0.312164214640021,0.294922472942117,0.138372305604221,0.506378436434324,0.743481620340085,0.592018613656948,0.552130208495381,0.607872526784661,0.493788698736783,0.646213527876473,0.545258473624715,0.390040382347863,0.788785254612013,0.565032574185382,0.480374975773798,0.367586600306107,0.62792437484352,0.540720076388869,0.581651404684476,0.54783677574933,0.547043927841515,0.476001442812,0.602666045434307,0.625334679323142,0.553458091010539,0.543131542680377,0.775763880453837,0.540554619015625,0.561351894603204,0.656318953702668,0.572667264986927,0.59719700501516,0.644940556376297,0.473244199722081,0.151649307953557,0.470888339345208,0.65230643406224,0.552139575126941,0.764936310917984
RMN24,0.765928165515479,0.548704962855921,0.134123006955404,0.076610173688194,0.411172088982828,0.497105310096111,0.893248862733741,0.494213372114941,0.519602953107597,0.83239196230268,0.800073863468607,0.933087713898086,0.885840532025053,0.914337850019862,0.851259741526208,0.890480705194572,0.860002174578629,0.903814613896276,0.589866834223309,0.388429063125748,0.520158446826439,0.137627483589261,0.371265685182957,0.176174694460716,0.403681284153257,0.524798591966477,0.305628628963612,0.465581827564761,0.399625286537781,0.468057233891604,0.892827810196951,0.670531949947906,0.922540599525831,0.840905945182542,0.752998046585175,0.569439830138067,0.627491696789714,0.621366439376038,0.461688659308529,0.364355103741664,0.656217132300761,0.868360491508756,0.516544931151393,0.607037033441722,0.738285539711559,0.698827704795431,0.453376265828632,0.638953191941266,0.67804242250803,0.494730067194386,0.935416475475173,0.698163307384077,0.764706268922087,0.553145506550601,0.754809673667722,0.477832293966938,0.490140845041604,0.577953747158085,0.512422816891327,0.561366899747032,0.531559130526572,0.402607609983654,0.251928729962672,0.395601381319824,0.467896145219326,0.464641954980359,0.611622513275744
RMN25,0.921407049207186,0.798512733018843,0.694871957139194,0.661749333465091,0.888677445296992,0.792029471737669,0.749817475015855,0.707139042615013,0.625398833975698,0.85664560399705,0.746779009292015,0.895989937306001,0.783232681942058,0.859925824433841,0.620486766195187,0.879956974092658,0.832532149181623,0.848232675193874,0.25623343421267,0.36841905490188,0.236157500529706,0.317286849826074,0.205611003228879,0.31581310157116,0.851645849024814,0.86783698041055,0.800189955208385,0.964098754134163,0.980405311883939,0.734264504434399,0.461235443392741,0.578630854522393,0.806596967740986,0.329273434827574,0.353861189725132,0.423788217341621,0.386242729449119,0.521345457643137,0.502120873019927,0.186353860062995,0.284337786607428,0.191418380845199,0.194118037232064,0.091145449806697,0.230411626380198,0.109148478019314,0.241396690287839,0.284626111833267,0.269996930064418,0.232173163508716,0.377037925383216,0.385949195270594,0.201487391191567,0.277237343839008,0.260991831951601,0.282281401130496,0.287591581883739,0.264476962514933,0.239165745003933,0.225160293071931,0.269969705496824,0.261635805992244,0.098899054810586,0.185871223512916,0.207216021673059,0.352797564958966,0.234868990216786
RMN26,0.927283281316005,0.783402204154221,0.479786692661485,0.466714407671204,0.705414348992674,0.597677469931773,0.787039602956167,0.747681492166838,0.773049847813356,0.912136659986329,0.759710549893058,0.934701657867741,0.843384990637945,0.900226664986669,0.840763367631518,0.86991817973689,0.887012408925908,0.861536091536763,0.604084530492839,0.591318212545331,0.378495875095763,0.337614560505989,0.322453035753734,0.225660916110932,0.488411403027355,0.44574415358892,0.334587293366535,0.329311107848908,0.325520726595725,0.338793504415871,0.231825925313836,0.739611227927302,0.866327413430096,0.183420880965173,0.241812138552349,0.101097294217049,0.215631074036407,0.361570720157291,0.30567094830088,0.145373314071457,0.245357122650096,0.213165261459087,0.194754223307766,0.065647278144058,0.154606203233257,0.062876436159869,0.232813266671914,0.257103567863906,0.276906796922116,0.177959750945265,0.322204337335211,0.340270198984466,0.173455523295296,0.287053813406487,0.270336411164181,0.283470751068937,0.254117969114136,0.236712249480414,0.338612718918227,0.168964508892021,0.249016266665853,0.34265315121872,0.10165423706053,0.273368298087126,0.16303509139914,0.312237484108992,0.233711220572316
RMN27,0.841856836576268,0.811663482523803,0.709732778016811,0.554124999432558,0.90037534705742,0.827957985141523,0.828234868144468,0.516642924337095,0.555022352756354,0.798266025083702,0.786485730954829,0.949606008471759,0.792741702802453,0.896599516740279,0.550647020948495,0.869976067746754,0.824611060886783,0.769244800623012,0.291851472673034,0.307188382771339,0.416001425215388,0.296272084998677,0.529561286144311,0.362310868111527,0.314467760502989,0.418707202243072,0.249436158034166,0.198666660097285,0.179383185397699,0.290444967344889,0.302416525620055,0.111403454440189,0.514845137099533,0.1578522347977,0.289029123290379,0.218679626663729,0.166582187188433,0.6093601435118,0.405384465480917,0.136974581720805,0.28996203311164,0.176002062545698,0.195225755116603,0.04743239470628,0.175710773442148,0.056158423574654,0.264958711890114,0.119634708952685,0.185153276619068,0.164149963949905,0.250476459711668,0.258862322184281,0.117724246232753,0.307333506816452,0.255569196350883,0.251215008423333,0.252665254350435,0.157365667060504,0.275995011934082,0.183753674960571,0.432058243535392,0.274828135216073,0.109728759085814,0.16618247042809,0.228443647456388,0.328655363676178,0.461472570280602
RMN28,0.921065186835725,0.834946704739757,0.779675296502689,0.785629380907566,0.930261771564096,0.867800645012501,0.860954620376163,0.536004082603541,0.56309319901132,0.4989807380955,0.53538947509996,0.925722736899092,0.778509251195936,0.882327749825629,0.600499491571765,0.80978023763115,0.832305038474626,0.740436621157884,0.109415966964492,0.259488019250742,0.125751350056707,0.189343615121208,0.37411458747148,0.249925574240961,0.811909965446021,0.876566544404084,0.786856342467934,0.964355108819394,0.969278856995219,0.699556686872888,0.491891688344139,0.118393809313281,0.418421924837167,0.091065500432749,0.232817796008966,0.125734218083475,0.127775096039554,0.239931700207321,0.329324416467719,0.127736070102084,0.233943296500969,0.345241863663995,0.192204949701937,0.046509381858715,0.207777277874296,0.065293664139846,0.247694173862306,0.140264373489194,0.162170728856838,0.134403577600531,0.248326700089717,0.278197993704636,0.112496379341449,0.274947828163426,0.237187812216021,0.203222725732922,0.224344857345146,0.130882260514657,0.233062508132967,0.122452853040238,0.296123383545073,0.201132489266023,0.081594611617564,0.135834993686896,0.178356706817736,0.269998564221334,0.221818752872985
RMN29,0.918223727497636,0.799927791033966,0.726201828581761,0.686949149424985,0.925459474828834,0.808722020517538,0.905637983150922,0.754894328331608,0.718109163636914,0.854391071570717,0.746044593882644,0.93109675166605,0.774798119293486,0.821631665183231,0.378855259778839,0.572939829135016,0.619297836091896,0.550606237224867,0.416792424671268,0.479911696082517,0.474293248834329,0.285080228947142,0.760139342739086,0.353654558732035,0.225777647034418,0.353265025746765,0.237259547105803,0.199018863216923,0.203911774264204,0.209780733418419,0.223555800379732,0.537083766227212,0.888787448185359,0.154352850300413,0.363667309081798,0.173986506875817,0.170175587762977,0.321779755010465,0.314442107258491,0.152290212410013,0.301315646400922,0.532827051976343,0.188866060162833,0.059414146541508,0.179654582639155,0.081732903086043,0.259178559656174,0.263996587745807,0.211592432742899,0.202699012409699,0.311245467359473,0.302552904279743,0.168542270835448,0.296601240075131,0.395233934981399,0.254786608185611,0.288171700510574,0.178725450550117,0.282807075058546,0.155546764411987,0.429702922542343,0.277792714103937,0.115059356124297,0.189682160480052,0.224343722039411,0.302748422283877,0.342181565579191
RMN30,0.460038552129658,0.729718050983093,0.242710340014168,0.168138124037729,0.447987581047327,0.491695250880656,0.822760407569715,0.500074097849588,0.481705484919397,0.658318983695121,0.635821010333443,0.85407809361242,0.809990248221179,0.793253495390454,0.308322082998077,0.411879155512532,0.215073856329697,0.174401346527286,0.914596530484279,0.986940682363544,0.943865597602108,0.854778850354065,0.723388374363821,0.891526372931999,0.678840564449385,0.776209288670091,0.719745557165394,0.98187442026927,0.986860491493925,0.650860904818018,0.98456908672426,0.575142275162308,0.732322010052454,0.93501370134113,0.694808702691378,0.469473576594074,0.604554450336325,0.671320952967897,0.490445942310822,0.276802025477498,0.732781814089633,0.821081405514206,0.541077003100565,0.751654434410165,0.823394194088931,0.551226923897274,0.439046317943103,0.852295789148999,0.745537591131484,0.432524259883544,0.881681924102994,0.608391270137088,0.557739508609254,0.428286999673569,0.737615907868032,0.379927639310889,0.48584948189578,0.549802416556113,0.594216439726827,0.442607687835341,0.561214407082887,0.439085594848181,0.324173327207432,0.33867867133149,0.400759990504569,0.555009765264312,0.575830364988554
RMN31,0.801539877092802,0.566147070236751,0.194359451403628,0.188693946069614,0.494416812885412,0.629925774422479,0.721435834513868,0.569850898729415,0.489443210645825,0.667240664673274,0.604357310367733,0.76039790218443,0.520038237086381,0.29050910794478,0.065257801820067,0.215337848645264,0.058924020249077,0.053600469512383,0.461740971132991,0.551178186277545,0.441837383886267,0.484860809256802,0.442625653767636,0.614724085758848,0.36275536121074,0.425527480556496,0.329653578945141,0.422431604014798,0.476338037076277,0.320870551695686,0.476338755268745,0.461670613838134,0.662099560763253,0.384312679421254,0.38241494310427,0.246891523032977,0.360899162553149,0.448254967299255,0.447469139736603,0.291839939826434,0.550066039561949,0.361406846517572,0.309148450515133,0.221553440264699,0.354397689357604,0.217473384167534,0.367870753872011,0.463911864143034,0.440030172883962,0.342215116460582,0.487356789820548,0.502644204537716,0.409420144937007,0.406919192484735,0.570037439463711,0.470645272238528,0.392552917958896,0.507796544544237,0.407009571672636,0.43187683495746,0.383184862455963,0.338479643138534,0.225635782735666,0.37870579100152,0.351368857168932,0.417665076896517,0.531838603367042
CMA1,0.168742703545413,0.119868827489277,0.070630441869822,0.036069470168768,0.20262181201572,0.406634738329438,0.767909229942775,0.135240930717509,0.178576460710617,0.022825532951857,0.130726955730353,0.695402755264595,0.485764919362869,0.424529683580876,0.050529129366676,0.16895255517759,0.08662706935057,0.043095861960305,0.926584987776995,0.98632462013098,0.943949617726291,0.889839706994255,0.812242640367437,0.924412830344993,0.822427900450361,0.876138261112734,0.845274110922686,0.95877788747604,0.985331674579261,0.786982288959613,0.831523852079495,0.129821093406789,0.192014205735394,0.932546397700043,0.776497914042435,0.937435075779855,0.934232618398564,0.968892020679528,0.873297966826059,0.93996521856648,0.93446596134621,0.977182528055748,0.804682885506092,0.953116304822014,0.904211303402562,0.959214599795195,0.840421522047435,0.983017788810005,0.988516806105148,0.981040909818995,0.977679354652611,0.979489357167353,0.985144760599344,0.837982583100675,0.952606746362603,0.757840332763332,0.679929035395695,0.946098226522346,0.826918407647908,0.951199173237312,0.939191631676513,0.976753269060917,0.791909252532412,0.96418108336749,0.909187036562518,0.885043825729628,0.934407523828589
CMA2,0.349405121579447,0.116552279470002,0.087516268543089,0.043665862121787,0.210481583985125,0.389013514387666,0.207324420820325,0.104282905337977,0.131542434085966,0.017879180643889,0.135130926589572,0.458876166418404,0.162976344287777,0.400311001261068,0.053102347776817,0.128773615764554,0.02896886873882,0.040201294321675,0.92445447170653,0.989726471217622,0.947100738165465,0.767657399610914,0.832162284725375,0.865034938639865,0.785902316767374,0.862233535262601,0.862315965886151,0.987796020559994,0.992573755343281,0.786621194149373,0.620675448607249,0.015674336187919,0.013184922480974,0.922768237140672,0.850180012001004,0.89939510805423,0.782460458756865,0.955213148945866,0.804038276087718,0.571990568544142,0.718375278105636,0.798016386131258,0.732549184303271,0.553294044585894,0.850792428653281,0.94020797914383,0.794659454102892,0.972105720341028,0.990905726129882,0.871253328519066,0.969909620675931,0.928430693953012,0.961984250419186,0.799603737638155,0.964672555669833,0.816869596387238,0.760606771862462,0.945480759970892,0.908489799899818,0.845081036808855,0.873580569962581,0.489835079771111,0.239415365792394,0.437049544091495,0.735169861543304,0.650611053509302,0.77424607954571
CMA3,0.105049040378816,0.096952103088365,0.040432851106329,0.044599926651016,0.132970339723116,0.198188167997273,0.133966343067847,0.064160669089449,0.094211619640469,0.020291081526969,0.046839362538242,0.307189493782684,0.175597508882678,0.086313798435405,0.02933786399807,0.085194264028428,0.060854988401477,0.051644017357913,0.947964429998071,0.979943471234561,0.948223963380982,0.773737436234957,0.805914148983465,0.904289834157429,0.862467698390846,0.842987695402944,0.720585508095589,0.870213802520026,0.91671055245344,0.723178958779068,0.784996613672756,0.020373906641059,0.021017531374342,0.942789418622071,0.852994457359472,0.605230229366925,0.794830052883669,0.907399450275234,0.505986416065031,0.428266058812201,0.764214893729683,0.902030208865795,0.507944280913776,0.712265809264945,0.746432584452935,0.901845092809345,0.724064782257675,0.981108835554915,0.984834383121565,0.871088563312704,0.980778663710053,0.856023182462216,0.962496026140458,0.68618810692612,0.930412807676467,0.729122994569458,0.699079608952923,0.961815725211738,0.857393015006589,0.790684109414639,0.860516885007314,0.503104522250087,0.563288853147872,0.508653747419221,0.55912895969249,0.557032207537533,0.664182411219395
CMA4,0.468686496049024,0.225592498804627,0.069689009121778,0.059231968706802,0.240742259547233,0.443202882437927,0.601040543040197,0.169824988535522,0.155345258457187,0.024909894002464,0.152248370331687,0.666004487664412,0.251957236357207,0.236422845418171,0.207186336180695,0.476810550165162,0.066902811862007,0.072052565476229,0.869266477977671,0.987162221578815,0.812677069091476,0.857011850924986,0.788429687588205,0.906678837321177,0.733183271279952,0.844358841522291,0.735366236295972,0.975844218533747,0.98474805350435,0.685234593506599,0.617775144635418,0.026516000141917,0.016986285196305,0.950433325739785,0.861375747901982,0.933445058781803,0.88314376999163,0.974892212504184,0.863311109814841,0.877674930893903,0.849940573395,0.954894664185204,0.781153316048033,0.845984654588823,0.902322329182531,0.969821957741673,0.745021462817865,0.975140695410755,0.986764831801164,0.933716770598575,0.975677700199575,0.964778919554301,0.979978112436813,0.752278514672837,0.952866602018891,0.824264500492032,0.7402425097796,0.946745845166823,0.884221475179717,0.803739540432186,0.838266292342588,0.942827238746165,0.8649270788944,0.739432517409783,0.938694704088484,0.848658748739566,0.952824547246671
CMA5,0.096861576493069,0.060795697701292,0.031640028492406,0.046829014747486,0.221238446131708,0.333184822689503,0.212318685731377,0.053562675427091,0.099274796481095,0.018533556638508,0.065774731366031,0.292511796795551,0.092688194236066,0.138768833197802,0.028384397788477,0.101645700647408,0.076547626644485,0.051561585151554,0.95668534526887,0.977625882047245,0.916973829586499,0.698189555603222,0.70451011840837,0.648324991013837,0.927109022360832,0.895691556394108,0.901892581922292,0.984991084484593,0.989388872765586,0.855315588081171,0.916630354883407,0.021049806805283,0.01899389068815,0.982668083215799,0.893462142265838,0.936862074004795,0.954906661402058,0.974535379936668,0.843615652758454,0.896944713694292,0.946109192511003,0.975127643533551,0.874177300443194,0.98671392048144,0.878258219516705,0.967052501214237,0.856546993061217,0.987176829591709,0.983988796312931,0.978436771081703,0.981173275192431,0.982667805716301,0.980645260742663,0.754325944952386,0.946422792084207,0.78440202410036,0.659968658167861,0.966402399144476,0.874093579224561,0.929133425824505,0.909420254097901,0.966965363048073,0.915505252380477,0.928379161368132,0.909085510964146,0.876062587945077,0.889284766497369
CMA6,0.117385146641458,0.136230995488355,0.03438423222657,0.038884685641369,0.114802908553753,0.211795168895118,0.180100855881126,0.045569211419092,0.091312688469922,0.017690333084266,0.051551016672545,0.375295611578285,0.173622363952582,0.116160143447667,0.019868807493958,0.068944300448945,0.072868681423852,0.023407626966704,0.889643193388962,0.985461732818786,0.956320657541437,0.873504705259777,0.840215387354723,0.922600909089104,0.910016008514277,0.874831919948954,0.858656649392457,0.987617907240989,0.990118532255682,0.845736842375346,0.946443057403558,0.023768304772676,0.017868462472544,0.970505999111459,0.797588305098599,0.940846997506487,0.957414909147443,0.975012894517953,0.872117924848964,0.960243910586326,0.891105637536762,0.978608006607252,0.881405094407544,0.97589802490648,0.914866130153486,0.963850205389841,0.831787076537161,0.966076605761185,0.988686916556574,0.98008758496414,0.987906768227961,0.988693252298978,0.982837819927757,0.778056980458472,0.93866026148086,0.875153531064551,0.6790129491939,0.961936465858125,0.854273420684501,0.946448113441052,0.889025183974782,0.954347236648926,0.770066839664843,0.905490198189829,0.922783833983939,0.880293050880537,0.938337950396782
CMA7,0.203750642937855,0.160224639316848,0.07278876194979,0.052727758468086,0.170377020070853,0.221632855314719,0.420373499268897,0.107446154162604,0.145638796704131,0.023693888414274,0.125878474899316,0.408287446204033,0.238060700688711,0.268656492238984,0.045991849907835,0.133070293594825,0.051289526029958,0.053793164972922,0.674565956989993,0.810136213113879,0.735308815309488,0.521423595962003,0.466925689152279,0.427658229921824,0.833237156047788,0.847708910987772,0.814434043127239,0.959245076167404,0.980965076603335,0.772920846473466,0.929680441969928,0.02662183655728,0.024992971093167,0.52550322006628,0.749615370994359,0.694223226175031,0.716417382486028,0.881651619628327,0.540103288521557,0.340043106839798,0.735209725526683,0.737230440946982,0.415749590391632,0.34810889474121,0.653515962052298,0.52614843273346,0.61016854642548,0.828084694323769,0.870279681448852,0.5,0.877158087015397,0.787838856380599,0.653260592469105,0.624462037803515,0.910908088174818,0.572048622923942,0.612414679562833,0.871951233874894,0.750312192727378,0.411714149867122,0.661622354987775,0.435075590122993,0.282915848026267,0.355009805112201,0.539425052626862,0.732432945801658,0.324699636017873
CMA8,0.224264323356499,0.075152077775817,0.08560959203165,0.034116270747314,0.154384782906026,0.288035302667429,0.492647801981737,0.100545426298528,0.130214446354151,0.020775828240291,0.130779436885299,0.491596187772204,0.235475298899561,0.27119981696092,0.058796659076088,0.184033177532398,0.027599017440867,0.040543482341208,0.935581299582728,0.989642696685202,0.947535596207665,0.811495090934796,0.782418914237622,0.87709267374876,0.772604319381147,0.896919325686895,0.875623050650973,0.982048881318608,0.988042073506161,0.778856334209375,0.902674072664187,0.017615372213349,0.019467077159983,0.926630290624299,0.878793395720425,0.640113028890697,0.715944849403471,0.931983182168085,0.739916758503724,0.24120804240541,0.745896515064653,0.816827019855087,0.525504647520005,0.810299263889674,0.659898183595486,0.531901213158404,0.619757014369535,0.973986872580131,0.989246960732643,0.884294424193275,0.97442015359146,0.940646730233791,0.806146234517583,0.807202156439216,0.947499424279751,0.711558740048133,0.812819982365402,0.917182735606635,0.873520859710634,0.923205233233489,0.936185821572008,0.461777798266435,0.094371253316462,0.361468648253375,0.733874336711783,0.676605173797192,0.655659330574305
CMA9,0.566064682315382,0.383316784112664,0.192816457610488,0.204794110639706,0.437136172016182,0.613571902155788,0.48298390425382,0.131459994777091,0.226886617214042,0.019312443732557,0.103311000116602,0.660530178648074,0.440876589570116,0.384517198931215,0.050997702010098,0.196714127621906,0.083168381270116,0.043811424990306,0.820614427702496,0.985846237547619,0.948197024752218,0.863423143645853,0.75888742166271,0.801381385172235,0.725897293497617,0.849559212180525,0.762183819186073,0.836006447690458,0.856925903479529,0.70942272248001,0.845853765337466,0.020761989945182,0.087363623689216,0.378173467659636,0.393698620732309,0.406438049344824,0.359557496783735,0.595622896651208,0.411015948448323,0.288389910036533,0.544807253043024,0.538446200836459,0.350591594712647,0.259250768515728,0.445777701329091,0.312847838046468,0.371134857431554,0.489243795426301,0.45445860527484,0.400777369617165,0.603113181519335,0.552853954467081,0.417420993966512,0.378072030995249,0.656171270841696,0.389654435534302,0.379753887009934,0.463281530275502,0.298289414639167,0.417045997145363,0.437323972399118,0.403377740382047,0.315894706924109,0.359227420094291,0.327279252267175,0.358732408898348,0.506036545244048
CMA10,0.393688548927779,0.160134722936816,0.076812061906253,0.051848323583407,0.354951395377696,0.278619161461607,0.822575022540284,0.159661390073135,0.170119883703955,0.034364220471823,0.144113750883218,0.761412258910611,0.439158696999999,0.651324375923399,0.089874148702765,0.247228914414711,0.178982405856733,0.108741406175471,0.601274221864361,0.943133791111278,0.764242553892287,0.551283707246179,0.836773393507431,0.735253794527836,0.838417173692868,0.845521746357855,0.807316629708162,0.976700663761255,0.988249749655307,0.796741155841271,0.894206886152688,0.247204296481452,0.299102639001654,0.873721553786984,0.80825645529341,0.831334337890989,0.880635531844736,0.926782623779419,0.700643648805507,0.866517651940285,0.872456077916846,0.960019052389263,0.798216893402229,0.89423416343048,0.888536119048792,0.883381425035151,0.727512536045743,0.949997695979313,0.943353060572716,0.665056940210901,0.961584892819402,0.823413793402428,0.95458606223171,0.782429981117757,0.9157223790831,0.673642052063629,0.705418705308068,0.8336223504261,0.648861737712932,0.781922785119255,0.829887283348376,0.908601645144597,0.594366031048242,0.691036992566419,0.855439965427049,0.730189266242734,0.701035001217834
CMA11,0.252769326853493,0.070286133545168,0.044841423887323,0.050665983477569,0.212970825993389,0.428340371323833,0.737540425156296,0.067198005753182,0.070178241732078,0.043667159378148,0.127419215541816,0.497811942096706,0.472719249989075,0.529698211091378,0.071613650989365,0.125753613037669,0.065722228497405,0.048398358744839,0.950688933203928,0.974046781689772,0.956182900849787,0.796904244046518,0.814062094767228,0.933865687594452,0.865862822001746,0.865763761160995,0.738125857888793,0.759766675436873,0.769529461620415,0.757433372453113,0.692003954576533,0.118979491447161,0.167267288629785,0.936749445651565,0.924500170263441,0.927688859890601,0.904271550819723,0.962003725376415,0.883202623218324,0.878492345652618,0.93859370661342,0.967421990011347,0.730573169341754,0.963722022672587,0.864959354487933,0.90571737650248,0.776009908369419,0.956200132856551,0.986268644926793,0.981484016879357,0.971940918298733,0.971623139002588,0.970238374992691,0.921137922923422,0.937172506011631,0.764286947867761,0.715641763122077,0.905350083945025,0.774214433330857,0.972652945708808,0.903695259442989,0.968869885716992,0.858000018034036,0.932163250698836,0.928834153612989,0.898453873401762,0.950260307186327
CMA12,0.198274105078514,0.129058271831606,0.056678191181549,0.038314538012682,0.135337271762528,0.231531170519185,0.333195504542209,0.082058041859742,0.140931373522764,0.017121423375261,0.131557672950398,0.333706149290544,0.191672085160162,0.222839557910275,0.044897680031337,0.120353381641055,0.033987637523262,0.025628530450711,0.912694549498732,0.9884342981487,0.918209459159884,0.820492988798945,0.803232212380797,0.884331785118671,0.787207397401359,0.859123622085446,0.812599670815255,0.987575151742355,0.98881825321309,0.729983933722217,0.628812644622853,0.016219371773184,0.012237617351041,0.948833128413562,0.851738137812243,0.917904670525315,0.907240149275868,0.965426566711855,0.836799590975984,0.931717051665842,0.883747902157935,0.966842670317391,0.745415677256106,0.952226348561211,0.905756775017988,0.963217247450897,0.777193752761891,0.976646135333558,0.99020025381056,0.953373109969044,0.976458204308201,0.98409594771356,0.984132637295965,0.774177552307071,0.946833945331847,0.765875852315226,0.778166050572549,0.955815909025099,0.85977938721948,0.917808331085346,0.85546898760492,0.636729744389269,0.66711346604234,0.518945499732471,0.920229322518804,0.871731608650892,0.793792853643533
CMA13,0.542580513225396,0.499558948423307,0.213644601482248,0.050764178217554,0.264195346417183,0.490532179119757,0.532374317395023,0.096255894314849,0.122331210190223,0.017075687537498,0.104156717451322,0.624033173695745,0.394343776856811,0.382758104385048,0.040602739153224,0.123622101751012,0.059840141172744,0.026886981881517,0.863456633639457,0.982808187688851,0.935541782400919,0.803751341226153,0.80806643267727,0.83889127653761,0.775052411259694,0.803991138719566,0.632325643583283,0.81672873841218,0.828469064533731,0.552483533142589,0.937390322406607,0.01962058009535,0.016558256080369,0.974209341892009,0.85431401004826,0.93795365938425,0.908750476618336,0.971178703045201,0.895002679027494,0.943706815238745,0.914008811001076,0.982628686814095,0.529781752397624,0.946817965681874,0.900060172971777,0.963420790293452,0.773660581325883,0.976406190861402,0.987451780715752,0.965343286469104,0.977741821045899,0.985622125453563,0.979528821558942,0.864624840490634,0.942759571884513,0.867164574447093,0.824804941875054,0.965671566479346,0.901752220452665,0.979704527460159,0.928175241145045,0.96206136922202,0.786037180480506,0.885723749774314,0.940561925557157,0.906640063303534,0.80934716259594
CMA14,0.114945722016766,0.097542081481648,0.050346836226382,0.043762047002813,0.0897644281525,0.240373756835499,0.240502478587617,0.069034617023755,0.082032375001461,0.01852342593977,0.068611669442008,0.260570969582214,0.144025753495911,0.280270550395482,0.031217471134032,0.102764963319332,0.053656206896284,0.032381651234085,0.960407464815193,0.989581970027961,0.944928159068217,0.878486304837883,0.8331796751997,0.907593110968645,0.842717776695157,0.894845762907108,0.799075185577758,0.955164138251609,0.976971712954618,0.743554166189866,0.768822581668193,0.032015112963087,0.031052885046744,0.979137945335591,0.866893450258386,0.823019876427121,0.963673129210025,0.967927115677705,0.884007674135836,0.906184128996721,0.912045590402035,0.976778518247685,0.781772424507909,0.969171535531837,0.881805066332877,0.951398412686509,0.548035925270365,0.985951424664915,0.986309386200088,0.987634517087499,0.980546158517576,0.988676523455208,0.985105986335106,0.820138851989964,0.941549341506634,0.831050420017803,0.79330170245935,0.974332255939684,0.879269016228848,0.986755928244775,0.939663558977618,0.958844450739676,0.846498460120541,0.894936332810016,0.923293340128887,0.922244674659699,0.945830373146498
