,cg00036347,cg08703872,cg10504436,cg08369872,cg11417653,cg25940946,cg25037461,cg14774086,cg24120847,cg18024487,cg20002177,cg09359114,cg12041387,cg08835113,cg00400832,cg15339231,cg00503840,cg20377305,cg20080624,cg13462129,cg15732768,cg27016494,cg17083494,cg04737114,cg17916835,cg20250426,cg19962750,cg13286614,cg05597836,cg07788369,cg11113469,cg01778589,cg08598654,cg21945930,cg10659805,cg16758800,cg03774463,cg16243019,cg08745288,cg22505086,cg22616881,cg26251506,cg15199678,cg12055395,cg02530022,cg10205928,cg26075150,cg06951565,cg12363682,cg21496785,cg17867333,cg08432971,cg26709285,cg10951120,cg11131532,cg12392473,cg01663603,cg12307787,cg20804831,cg14845282,cg18413131,cg14654533,cg19962116,cg14709292,cg19831706,cg17264513,cg01994275,cg11642377,cg08604097,cg07511564,cg23075337,cg10443049,cg12265623,cg14094983,cg15285250,cg12597389,cg06335867,cg26170604,cg21806015,cg24529280,cg01933308,cg13611822,cg19301114,cg23244761,cg01386978,cg01789499,cg09595050,cg14197071,cg27111250,cg27639662,cg21082141,cg23874561,cg18235100,cg18954401,cg08196553,cg23978504,cg03880173,cg10263682,cg24267283,cg07304175,cg18562243,cg21453451,cg01530605,cg16276063,cg08488945,cg23165310,cg24513480,cg22920300,cg16955889,cg15435730,cg06370862,cg17489695,cg19404832,cg07625194,cg26680132,cg21760402,cg05139788,cg17191462,cg20180370,cg04573397
RMA1,0.602345861615659,0.139413703254423,0.780079506111701,0.019055942901321,0.127105874498076,0.48891013713188497,0.443754034720159,0.513019588333586,0.027010817104726,0.278410057191667,0.691127055158635,0.241983662827647,0.22984072767479002,0.202784014434759,0.139766576230819,0.166576223458351,0.28753279084508604,0.062861624080384,0.32133652694057696,0.14063899363097102,0.311593618865166,0.210242405014606,0.435503279382874,0.13073517392549197,0.5963361883829871,0.393822171693871,0.524089439226496,0.283025574847052,0.242857910305743,0.11151138396565301,0.262312816920213,0.432059099842893,0.41364284897262604,0.485531152593503,0.258134248894618,0.420458940161343,0.059312834358832,0.034968932591645,0.29404550323555795,0.231888539933156,0.021879245636715,0.07348251799106098,0.156017897499121,0.084232511376614,0.144028599585154,0.252755874262323,0.654727051768063,0.3619979935916379,0.752520909729142,0.6997975249592451,0.069391512264835,0.304778673134107,0.44142465965333094,0.24913689657829102,0.100796992965929,0.292469695574409,0.16197502243308498,0.090452253086964,0.37244722783638107,0.54615155024491,0.334323369714533,0.4591423349615011,0.44652189858200797,0.40865267120690896,0.190345030534154,0.9027609969863399,0.9196069427556189,0.8936696744429641,0.931606232258261,0.898783758716636,0.7777560494338409,0.6504640649218391,0.6460270094521489,0.666049513195612,0.753263956444898,0.58492918902634,0.8068053542083292,0.864182164813843,0.8606489302441139,0.882772814593489,0.909567347857311,0.9019607360551031,0.132782905843898,0.015951243875343,0.87719566963267,0.9011571741649079,0.886527156252296,0.9101650967237759,0.7369472055392379,0.7691726591363199,0.7983999180252621,0.026606718372343997,0.23033604416819603,0.551863010832296,0.6803810534481121,0.371296110404556,0.069761981631172,0.039176735678355,0.062603519072914,0.22395998268964498,0.223396797750776,0.03603174875386899,0.8712652023888678,0.018737856288965,0.098104520643185,0.19882244821352502,0.515425930429765,0.09810091884984501,0.022058366289057007,0.390244363017348,0.9428834579288741,0.8677601291078091,0.8465062746788921,0.8964356418655992,0.9023085540215992,0.935871336546379,0.8996099381679531,0.9419587903571741,0.9135807886783941,0.912982245329071
RMA2,0.920770833501005,0.9742833831235509,0.882458353368567,0.906315866618048,0.9005668959845542,0.8548760238303679,0.8789261583755179,0.951469180542917,0.90488728501211,0.8599643826342851,0.9106746033822181,0.9375395395692879,0.820033182599006,0.899063782057548,0.8505308884286981,0.8812494816809879,0.860145470905096,0.937928505504763,0.8860581938697649,0.8691657520510071,0.890327151024203,0.807272698914262,0.7203543382707099,0.7068788805689441,0.9322460079925879,0.822571272370705,0.954193474555582,0.811679219887393,0.7208583494819251,0.920047744073914,0.909979717523322,0.9176474441404879,0.9062131956803209,0.9116817097519571,0.9641777647183689,0.890358114364578,0.7361750585015491,0.641993754555728,0.7400398251716759,0.6434977422859649,0.9023798087592271,0.902447808017635,0.900628046235709,0.9331532297718291,0.9426446354968392,0.872062457242253,0.9612136870372849,0.6353410746958951,0.775768160961853,0.9524982276891971,0.943811899827561,0.857993170816407,0.93018834034696,0.854495290536146,0.751126297573585,0.952149593588079,0.883214771897155,0.836853191994631,0.786601575398037,0.86486368344262,0.967408932962073,0.9243432045754201,0.9198417967712049,0.8817920955969619,0.645012017796453,0.46894896833410904,0.9235875570920921,0.963911160931722,0.966789241136085,0.9202336474333129,0.9466730786071309,0.9276240493872691,0.8882942514449759,0.9288492985288299,0.947822064417005,0.912430747623633,0.9707757371705841,0.9284688441894041,0.899910921379804,0.9405095146906701,0.8724355896189979,0.908834497328844,0.104699291930925,0.017099528992478,0.293926348579226,0.92542118959703,0.935284686411628,0.917127891683506,0.873638185684613,0.8441568511773739,0.8768011487154042,0.31855107050237896,0.548558127071231,0.730282448602221,0.909849040886391,0.9118999556714921,0.581681521028056,0.537012298151761,0.49019966272661497,0.657570464513829,0.667657122182953,0.46747395556198706,0.9386816431502071,0.7491152779146599,0.6374959976535439,0.8436758765165431,0.457047145785993,0.426763654243845,0.318390228289663,0.795982808573927,0.9386989635620591,0.8775830107341601,0.8832074310150259,0.892703517083909,0.8817812150620401,0.9324583011739179,0.918557807959178,0.9487702547455992,0.901334411615909,0.9399305580895121
RMA3,0.866385645885486,0.8778375671271129,0.724891680029116,0.4131407646222371,0.542116347418382,0.646300401677209,0.6279261223720239,0.7402194468261708,0.43216736502393605,0.47384922017010495,0.8386442774398192,0.7989361664859641,0.698709021837357,0.7820420848663721,0.587839919189167,0.7346130617395501,0.6996284461763461,0.7213052115536559,0.67525101320749,0.686152583419638,0.715845892952515,0.5731901293532571,0.7736187115831691,0.718437253873765,0.841996661913684,0.683733011544562,0.859578776754676,0.7114622765062621,0.700157864443665,0.867825430289209,0.9412915385256619,0.894081944011587,0.7741490253407809,0.81387524586243,0.865239093844396,0.827184614893343,0.565674762690736,0.447915188253109,0.5307126081486061,0.6783813546777699,0.66131060005665,0.792392623165503,0.8068104839638319,0.9272521327705991,0.8863358950762249,0.8036833954645141,0.9356391935356191,0.863153198256021,0.910460791930619,0.955777714843901,0.87662104812453,0.816408695856251,0.6413543487236479,0.44204431885110995,0.527815735646149,0.7939588708574571,0.606508245963729,0.578449666338956,0.64639125648174,0.7284480545239829,0.7141510402524841,0.683224023209717,0.7844748426612141,0.7363382216208071,0.5213463440595241,0.64521363194754,0.689356807153263,0.8367232621982309,0.769411509140192,0.696170131592461,0.676193780272564,0.479959301883681,0.510324982925082,0.49211214819844107,0.6100536899823901,0.38002786933823707,0.6126933391536961,0.556508337306348,0.456987989243399,0.577107033037374,0.606781823180848,0.6114457819301421,0.524464287064849,0.45220769423930696,0.8074355560109681,0.802035057966174,0.7394084125947141,0.696649922076678,0.689096635880177,0.5937972065135569,0.772476434119603,0.115940401242247,0.46405010027315297,0.680017033515705,0.770802648476554,0.669427115801228,0.66203756678857,0.683140080051073,0.5641690511253941,0.5836140105324549,0.6294984656539809,0.554374645115107,0.7805268160263771,0.8158069092326509,0.7000110719798511,0.8083541456184059,0.8163013351252819,0.691293726200006,0.586358759678212,0.5795999909372901,0.8098825873208791,0.7322850335626649,0.7257441837180258,0.678432317682209,0.723689239427423,0.757429170427287,0.741515161479679,0.757487058559697,0.679534964846487,0.747696841591447
RMA4,0.861254538925927,0.859756188800407,0.7481078351658531,0.061635850961809006,0.348266519926929,0.542257477739052,0.43460201533997,0.5349529361510179,0.09763935106798301,0.39421276412774103,0.84367687208366,0.847124765746858,0.760428803553713,0.761398076793739,0.704336106983652,0.707688370731125,0.703456551037305,0.730280783558565,0.7326771515014151,0.783836554304099,0.733096873707329,0.735811090723256,0.36767927303115794,0.38131435658015006,0.872683882404207,0.597447556457922,0.7065562972048159,0.6098924316730289,0.47817234877375697,0.287028734185685,0.636066285951609,0.7562479447295491,0.625914612208971,0.6927313230720699,0.829908702726249,0.728847157850963,0.509403733977268,0.438770843792366,0.6323902428163489,0.481914790187033,0.23677304504632501,0.395127349892689,0.564521318368602,0.7075051344935659,0.6188134046461949,0.5293422803492039,0.86309746260591,0.876005079719046,0.836472886845025,0.907754285741973,0.904426793502876,0.774246891111017,0.678233834766777,0.607420270401018,0.639626982104384,0.801318944619624,0.642030469284881,0.6372797266737379,0.676253788099808,0.710125616512883,0.822122624117989,0.7439729751598578,0.780519387467366,0.7947741919917349,0.595041759562141,0.6442849377808061,0.753885732975764,0.719660783480175,0.742305300996979,0.6535474418713411,0.7438958254399641,0.6784008283822541,0.6975716768420339,0.717598962039157,0.83101011681768,0.703787465941149,0.8611952508452191,0.7770223186695742,0.7229050195480742,0.7513297281092299,0.8607366687915641,0.7745774524554251,0.107077124226446,0.13444167719840303,0.826114732880501,0.9187791022797209,0.8880310499682191,0.8356197639268671,0.7528045755782591,0.735504299580727,0.8040143957040429,0.028719639485992002,0.17465358815701099,0.47191157162291997,0.733849178751133,0.554963452323736,0.24346657096190502,0.327411933676294,0.240369067580242,0.34301911332562995,0.41695152906048405,0.155002859832989,0.8143147985676809,0.892082917151278,0.676971336636067,0.8398620077008601,0.85387631995618,0.751958462355292,0.6540945195122071,0.19747692280748103,0.681243169910025,0.20324536675627697,0.58933220770177,0.153703603574887,0.164830910000646,0.48643360808075004,0.623155719301546,0.580116470585961,0.481815428529552,0.53345199154215
RMA5,0.6356817445745571,0.5887899141082161,0.820510541548722,0.872176039304713,0.904678681556025,0.84017527636575,0.8179081853858471,0.925038454040705,0.8678339832482621,0.849345958378519,0.88040318610191,0.9675049635423629,0.886853309731277,0.9297000331258921,0.8773298503596569,0.900626102850575,0.861092454026055,0.948649759842569,0.9224492161178821,0.9028683490210091,0.9066012101026399,0.8847324797939359,0.915265968942405,0.732336042700658,0.945485275497698,0.846338512600528,0.9441941949119459,0.877470075900651,0.842042359856291,0.884590034683649,0.8818531061752741,0.9467374157206372,0.8862100759712019,0.885304685054674,0.952519793872419,0.860749197311398,0.9119839888561221,0.8829863398596309,0.863088017180626,0.33099629402719605,0.8300791119549151,0.8749204337618319,0.860224881999298,0.911663644991741,0.923547174692346,0.8312800031345999,0.9458261654646851,0.628032078956983,0.865443119576557,0.839390055869634,0.9403690238986179,0.838598028058976,0.900691770177885,0.8266588444506859,0.657329476169938,0.929966511094088,0.722223133874552,0.678727794951548,0.784635854702717,0.8056357029937721,0.9388775336062171,0.9020178657745871,0.8770747030695991,0.826265867839567,0.638867637370514,0.911311874610631,0.920839857088438,0.9457226917067642,0.95691308196153,0.894586187980818,0.923162463339043,0.9322474270330929,0.8741260576376179,0.910186179948445,0.9067175355276998,0.854090415794293,0.962392578295216,0.897636193607835,0.8730372276445921,0.893137951039747,0.859571559684088,0.932274054276751,0.076229836724925,0.018766796267262,0.320293873522686,0.9212071526297858,0.8858818733971829,0.8880010721898709,0.83487270186865,0.7876720870314621,0.818250412891892,0.8651433428917651,0.9256980203656819,0.8865207270250401,0.888157888483634,0.863897658992303,0.9202819375893101,0.9391178992506329,0.8589011619143639,0.744038196051902,0.864396776016918,0.93344233199072,0.8828264505529849,0.974007651780853,0.812192272276079,0.935591245235735,0.6999886557719479,0.5169890633729229,0.446857399686239,0.49680551299323705,0.887798331356987,0.5912446965275611,0.8146443983339109,0.568784799495786,0.7889964785191229,0.9265865980213208,0.9022311319846948,0.9062701053786991,0.86395521976725,0.8750684911228209
RMA6,0.8954921495097621,0.958477721045732,0.809496054844512,0.654425118256878,0.6753332646398928,0.715811005805906,0.8264603165832891,0.89907208643549,0.824788870211212,0.755331194931823,0.9212105183503779,0.956523488135171,0.855422277508817,0.9404134857066808,0.8599840066143709,0.834902838960673,0.837637614215249,0.8620178208104141,0.902212389433337,0.8658820060685609,0.9032600650448191,0.880120083258551,0.894344967976186,0.8524668053237191,0.9095139736508241,0.8793656665052622,0.9422549083767059,0.853645699863547,0.8590142384308571,0.42142708161939896,0.8656101261144158,0.9037467121597059,0.889479839711042,0.901814706704052,0.8700774231319921,0.86685891278421,0.8753143591892809,0.831631870477085,0.8379942370404508,0.114400565387808,0.020654753459714,0.07583216382923401,0.30634072352844605,0.6463181055707421,0.683078270471174,0.455564872145233,0.93229797505432,0.949105670404344,0.8988706293194321,0.9696856299514691,0.942812315410596,0.892717200353045,0.7633218428564771,0.6658985141817171,0.805093737608708,0.938031640316695,0.8346945839669091,0.89527368900289,0.756894859916597,0.806409193810125,0.8383284164399879,0.77443970909653,0.8208305974070279,0.829729260278136,0.525687200963074,0.9246882507753259,0.8461376856770658,0.9405810331272378,0.8771698352013331,0.769674272883932,0.877363721616686,0.7940355021977521,0.8186238683463649,0.7459412761464709,0.868541217126227,0.702353083145157,0.8444842764396719,0.7942020329533801,0.7577078897886701,0.882890841837603,0.870645412160188,0.885439175155054,0.15860560756615802,0.028214550954815,0.80565789761169,0.9308611700741559,0.8734387982524859,0.880699542772768,0.829658039078565,0.7518475506745441,0.7878659860885441,0.784403296870696,0.9433595812693509,0.8902501336223921,0.8140209652955179,0.7577196287655179,0.16337520227796898,0.069046566986461,0.047440610979292995,0.27864550032748403,0.29855001652956703,0.044094482717026,0.835388252796199,0.614799668693777,0.5973460065788011,0.6615327444565611,0.7119218996899681,0.11760423056488901,0.034904917962138,0.817961377356721,0.9160512697946299,0.885734224845251,0.9400849231000459,0.83143560353266,0.830996371078037,0.918896436941922,0.843053206430326,0.8789437803547799,0.8580697268113829,0.893655215767415
RMA7,0.814272778120611,0.827945690256485,0.680962457652421,0.19519523950702,0.3446263882099389,0.5419327296279189,0.6046928516637861,0.67213706903777,0.47074432669086,0.581062194390876,0.553105796372819,0.150797228755501,0.17843249036448003,0.16753146166715602,0.11745440249771001,0.19735766876944003,0.284439378995755,0.121682547893644,0.27935133854719896,0.23077567685437697,0.30395383896059996,0.20621229373712,0.612733501709719,0.074420903341284,0.20351458972733497,0.25054480322170397,0.356017886025204,0.270856986070055,0.261573993571382,0.067931688323201,0.30037285455965695,0.4563502869016439,0.23164988753056798,0.22775683234320498,0.15050832806416198,0.33277517154749897,0.15983159875402403,0.152284694927549,0.33036449122648,0.132442405931231,0.014861510062488,0.086592545058332,0.14205353445773097,0.09063401134977801,0.105951529098741,0.256888004567018,0.328623047644362,0.6124488378265539,0.693346985137284,0.850970285497549,0.5673359278379971,0.553769480736867,0.655294862241304,0.37637657832850396,0.42411300490996895,0.707303591258979,0.5465115268815021,0.504124277435034,0.438444313202516,0.584443008023689,0.5755974466752789,0.5688808822305319,0.6613713484365,0.606971289117823,0.294539825027674,0.682800718300841,0.687187821183514,0.8303776403010258,0.7865413199106079,0.6221164282603628,0.801088489715274,0.6704835240018759,0.65107741498556,0.6519814878505621,0.731743927327518,0.625111431613341,0.775444028691345,0.686053032541168,0.6389423241623101,0.7537263028246909,0.710465477591984,0.7829781148030419,0.30847711233079905,0.2155373219001,0.6925852292298101,0.791016097199157,0.679943397983225,0.6786635383354351,0.602843045284367,0.578932928467725,0.767743031460097,0.03536091499116,0.358925423833576,0.599760862406771,0.742879272157043,0.660853735024186,0.572103867063029,0.615429591483345,0.499938545080731,0.594693119241942,0.5663309992463089,0.445022857672204,0.7607024425289599,0.758160386291848,0.6765229725914991,0.7723810717463991,0.34125235199322107,0.026785808759326,0.025088105020163,0.400570847564249,0.884296208655591,0.736738641253004,0.747734997353821,0.556958326010876,0.630765212516991,0.736222343516285,0.7042829266034191,0.7649488877055359,0.675350498059725,0.7680806587060011
RMA8,0.908851422039513,0.93909655409272,0.737718559345078,0.6696202470145439,0.68584499410564,0.7077778652873059,0.682834264600001,0.782899305373897,0.807988410105733,0.7088185471005408,0.8578954515216569,0.8845847048187299,0.7701273957478242,0.882993161564605,0.7330728020235742,0.7990503383170171,0.76371926874989,0.801343906183777,0.856831416662644,0.8924827750917271,0.7456528284336741,0.806172174341133,0.33113902868233,0.379872626066503,0.8819641389846259,0.624841697738719,0.8940911763492081,0.6883501513470921,0.66803544222684,0.8090015775197009,0.8529621602797329,0.878884941319985,0.801761451615768,0.795276697162119,0.866552337734919,0.798654046778371,0.7574566161975451,0.6764275156340739,0.731110300076227,0.7964374806491579,0.7860391587196299,0.8035856337741941,0.722641011974811,0.803839097112546,0.5627552894465561,0.6880653782816378,0.9094089217261461,0.883980436717502,0.8841622619369641,0.939465485212455,0.931952342930731,0.7591423751487629,0.7228522137218679,0.585063546680383,0.593765564059313,0.810278830784529,0.628604627912214,0.6172402604625191,0.64232673271005,0.742742228804225,0.841604464520967,0.753317497506713,0.82341441542602,0.8092721463588192,0.5814608237381469,0.643874667923562,0.808386620543987,0.9051385111904799,0.8973653726964169,0.7968927080466959,0.899543220573956,0.892587027269361,0.78943533211215,0.794494543320611,0.8673222315706469,0.723879607271096,0.912891784586187,0.8166966939276891,0.7961367166809009,0.8348082051884909,0.8597768259415799,0.854917054494278,0.094814636834806,0.135570362904712,0.32744386076580395,0.873410109721521,0.86044122174338,0.8231937799668799,0.7910859824284929,0.7148797122466328,0.820369925290391,0.4080137071528289,0.46762118183267204,0.5887259998012709,0.8076546451135992,0.7172454272492701,0.8873433219782729,0.832125267297595,0.7215135023986999,0.662256750657672,0.770132767653134,0.774519927871644,0.823916637266349,0.9058460832215709,0.709237190044864,0.841339070020565,0.812821010804327,0.815283101715751,0.7829496714101508,0.5172779509402761,0.8694212870722621,0.7162670708902621,0.8659670610754621,0.43005888089370603,0.5684403044890489,0.8417362459560721,0.842769987906765,0.875080398780197,0.7808929185587921,0.7669764283160341
RMA9,0.9250424652888299,0.9641431389063141,0.8307418459542769,0.7555126392210991,0.880572175186289,0.842147686742332,0.8556523845859421,0.9357980234336529,0.8333862055091099,0.800860232975478,0.9327713237047759,0.952468034981951,0.9180423438047659,0.9347901995412908,0.8729225539604731,0.872626292734044,0.8643841701065691,0.9324339893795072,0.9309015858352231,0.925985789785363,0.9268363920491449,0.8830681974407241,0.616323674584158,0.6295300030354051,0.9517974874482908,0.775081147050322,0.932653116446361,0.8491734248756608,0.779100519894184,0.610285788776019,0.931574494236944,0.9179158356315659,0.8890594449510101,0.8909887406041009,0.95069011056814,0.8839189686323349,0.931467173185913,0.899649399881606,0.8927835675748621,0.8213265685006271,0.915093525741462,0.908574439258938,0.867845497401404,0.926538613461805,0.9416696902145121,0.8629498858425559,0.96158295919789,0.929811421242382,0.899901180567747,0.9641461756584001,0.963765990582764,0.856130194102925,0.88902836936483,0.759907934088037,0.8131088864599308,0.9476930901907259,0.874832388017745,0.9114676472350459,0.821515117615818,0.8078434060656909,0.9259026920953121,0.894866953449035,0.8623624330758579,0.846692259156,0.566402950224182,0.869880836652818,0.89346525617872,0.964478351120316,0.958892216174644,0.8624919432319051,0.9258306307111651,0.900400397762236,0.874958501743633,0.910785598192355,0.9115153401091769,0.850101268441516,0.9490572837008691,0.905877277282579,0.875111751661567,0.907402235013227,0.8582683546123878,0.9224193935182929,0.110102293690127,0.017205059284068,0.415628337237949,0.948674303428301,0.939843954082382,0.9235805222503359,0.892562881362808,0.8489642722006949,0.858499524348005,0.22031202574752498,0.559877023026,0.6500782364101769,0.9184712604807009,0.915168622413615,0.8945690423610849,0.8876701271901422,0.7896933569990641,0.788427257620582,0.8820459460645391,0.841097713837602,0.839704070378254,0.702959557682288,0.61297499195528,0.7582241996167021,0.718428224301423,0.703310891267443,0.40632071188484603,0.58261357950518,0.9330041794780191,0.7283143245184879,0.900608421164635,0.8578622326526489,0.634871006129761,0.954150246540423,0.9024899639212499,0.938709717979307,0.917205532432451,0.9426755504952671
RMA10,0.89471858207416,0.7128751999618721,0.8520502171129469,0.938315925505703,0.91388162586366,0.8670659671479221,0.8348272191927041,0.895467127792191,0.918118401920608,0.89285055305428,0.828192940744687,0.9734065861017349,0.8926033164398679,0.935419095457578,0.8957098008400859,0.8262609505097241,0.832099808472921,0.920203730039557,0.873186811226522,0.780297804698243,0.8241126352793979,0.748604527005083,0.702816520108921,0.45196795826194397,0.8980138353760161,0.7719110274569809,0.9155967017889508,0.606099581189495,0.5184448318206221,0.8734375174788441,0.849553167973199,0.846651005561482,0.7337396564730378,0.8662035102776751,0.9703000811644742,0.904486419485737,0.472676336588897,0.35964956773213796,0.59820516649829,0.6777465212418039,0.947741732441217,0.8906321417773192,0.852786709530133,0.9445449811289359,0.9404843844295259,0.8364111579154091,0.90321265112717,0.910683480102126,0.8786294292906821,0.9251819950454209,0.876458337773236,0.7566419561616621,0.7303463850163651,0.6830632904480949,0.501257369903305,0.816883515970664,0.539853073856282,0.49698833257317,0.848915957982508,0.8527806582651949,0.9583379373981831,0.924871545495963,0.9159497063884279,0.8925165163056229,0.5725866102771059,0.20957920485491702,0.9278676740196851,0.9651306984936279,0.9587494086250821,0.9022376242917649,0.9373362450685601,0.922306757870532,0.9479004943761851,0.9528342835430741,0.956688841671966,0.856203100436298,0.978694793910664,0.9757638334272081,0.921301840368977,0.917713127118985,0.9509858521367429,0.896946382943141,0.096823751188061,0.020133453204314998,0.41293116329323404,0.954328156133144,0.947125379103691,0.9496424866098249,0.8143212225290529,0.7857475392956859,0.856038956934692,0.951691698485727,0.9436319553983091,0.918521301912683,0.9093413010189371,0.9476983734954351,0.838657921950106,0.9079052504983829,0.95642312348955,0.8175666599776329,0.9409598329447171,0.896966393132187,0.8671014942552729,0.9753141572198171,0.818703207086385,0.938570410828232,0.8161310259764649,0.9438474123187809,0.45397492439947396,0.266016102048035,0.913860867169584,0.880594970082202,0.8251181968639191,0.856638539407243,0.8720626469072379,0.8385730560104159,0.807396554901766,0.921516814121714,0.814645308263458,0.8770258631414392
RMA11,0.895240886281403,0.943199008081782,0.7644220311641701,0.014098309891818999,0.055714617220401996,0.41635142880966103,0.28810798877256105,0.28254674689514303,0.03866768237986701,0.18362904108940098,0.8968122662237591,0.8886883639706221,0.753039386525989,0.7440954575825921,0.6373596917858011,0.613713595485792,0.69087282113025,0.476003709435322,0.6848622570189941,0.533175093304439,0.5547027776450529,0.49441548146769504,0.21083199754450999,0.17634150977754,0.8830673777550179,0.534413604125245,0.328780739365851,0.353264781114774,0.27170244464196697,0.128298147737836,0.7262481811461,0.73638097831202,0.7229697723500699,0.7677861768691909,0.846600284959667,0.7558821534591079,0.416995881813365,0.39870910823716105,0.7438864236187629,0.682423099548435,0.039250452371834,0.14894570562768,0.160016145448086,0.17237916051178898,0.25900421652974503,0.266305228227427,0.85594632827897,0.8796872059494429,0.8570706694193341,0.93327395866355,0.916929088411619,0.786673918058615,0.689286080643985,0.557345226334592,0.33077171541899,0.605559091174143,0.4254082442374051,0.421846506875645,0.7121481496514241,0.7632292306543259,0.857454250326084,0.8033729404698791,0.8182690687761609,0.814545684612895,0.535134938727976,0.586380687498251,0.767684493987236,0.5864298624004101,0.5921472466751351,0.521951587878745,0.589040450684441,0.48486339088968106,0.495723748564395,0.475182836788171,0.56916237254037,0.42373025551974197,0.6800133137916489,0.5938877459009979,0.522153037880184,0.529898496631403,0.6377438953789399,0.6021434824667479,0.10527958503182501,0.072301393968633,0.619185384418224,0.9154627292637489,0.926568141711131,0.8676198316240971,0.8204125266108451,0.752942826491319,0.8175499665244921,0.06608827271114599,0.43077562805962505,0.674760331651486,0.826598465502254,0.761786731405794,0.8616795534576859,0.825739626661287,0.712617707608713,0.492664941455699,0.6787471824796579,0.3598702814555229,0.8889317011581039,0.904875083592529,0.723497622595115,0.874932985018646,0.882616710219571,0.820240743833467,0.8085469676557991,0.426226843982611,0.802970372055249,0.294472725877744,0.6821707625512441,0.062747001595165,0.216659319681868,0.77323033123675,0.8115032549149559,0.8374143135989849,0.755398548043,0.790256264340273
RMA12,0.8101430874655509,0.7725500117210551,0.6677944077421479,0.014586591208446999,0.17265422319952897,0.45346920201067403,0.290420174873995,0.274232401238525,0.027545126603410002,0.42495409325644107,0.732944879862376,0.915284452675471,0.822930846273918,0.874937366903518,0.7395176530884721,0.8040970696852819,0.679917823292064,0.773302247967586,0.789385811153995,0.8087957216835671,0.68789279699386,0.727830115093315,0.8475951831812879,0.821949521004688,0.926773199757711,0.8408485990761791,0.904403487804677,0.789323350847846,0.8542129399741851,0.8320943704537099,0.737767178737549,0.910997850082763,0.7948383957454391,0.8512872423650691,0.9684784276862081,0.9017484424078521,0.824763410084908,0.711103993176727,0.7706906060733271,0.828271989721611,0.820179690695897,0.82383137687643,0.84437657341733,0.9109849199906289,0.8672117313586379,0.7038258768636819,0.922805929783908,0.790138155599875,0.852865499001458,0.7698850373056491,0.800272492723884,0.586711496507343,0.45123757806244796,0.206149373522589,0.036547225975161,0.054033923022660996,0.030245793485719,0.034941254660937004,0.649948036876188,0.7549551661816801,0.819954496394895,0.7821113753224219,0.727116103917321,0.7057008670965359,0.466783423702344,0.872205798531627,0.8779554588579449,0.327818083477875,0.25970344209450097,0.245192819451827,0.124157747919809,0.086370738505654,0.19727374637724301,0.160332112777271,0.282113129435855,0.081372103836164,0.333532239849406,0.38169503441715397,0.34085346587254395,0.287861540095391,0.546640293769421,0.438601304238043,0.10642805677344801,0.110543479230341,0.627159180336139,0.9039974212714781,0.819058644839614,0.7711306399338341,0.674529874335583,0.590881936817617,0.8503725611920041,0.838871922378335,0.8636096980391259,0.8297886090792671,0.8126717830027059,0.788709203823755,0.8486507243707,0.785485310393136,0.761557578351947,0.653173372984215,0.858267094989958,0.8634243148917622,0.801846464745866,0.641951828456057,0.42688148696815,0.5309180221804871,0.299962032050321,0.034214405243487005,0.025293506091875997,0.6773940337433261,0.7297109696419929,0.8330388809494069,0.7714053396487209,0.8596215075575692,0.668656966716857,0.842532647417536,0.8658555443115309,0.8773595767452109,0.859756353830234,0.8038843853758331
RMA13,0.664820823010355,0.7921694076531708,0.8463876515628241,0.6802464578837212,0.7440704801689191,0.7309531359010899,0.744041749268236,0.8103199708446289,0.826320561327241,0.7240019016184008,0.8139142087471222,0.6738862602259029,0.6263354604311999,0.7302506426703341,0.544278658716396,0.6675942587175829,0.6266796540066999,0.6947143855727079,0.628478670843568,0.6305984057730689,0.647301531034293,0.5584912839437199,0.487981369713096,0.500043724153304,0.8947427558877,0.774222613866871,0.9334360805700129,0.829345883815793,0.8406313456415809,0.8862153079192421,0.9294011345828391,0.829553693264364,0.7440778275232,0.841817962394764,0.914959295792114,0.8397084779184499,0.25256712382009,0.144515621518419,0.31395280299955897,0.279852439334726,0.646806673160755,0.848471867928471,0.776029281050145,0.87692180423424,0.909317150708104,0.8076522615321949,0.875533245881155,0.557472806840227,0.538482687384887,0.621042845625992,0.48115615649937704,0.659826679496626,0.79666256573478,0.7829367759054351,0.814039176616428,0.905601135006593,0.807219256301264,0.839735502527081,0.7235205583491621,0.7720406245251701,0.822207209504475,0.75182022304123,0.8288533097650601,0.8026089325616709,0.5916483930074561,0.707256688085342,0.720222866900251,0.504825935809181,0.479313115113163,0.4592267163771889,0.539300177769894,0.399365147955445,0.420785010583176,0.400027172763855,0.498184765890018,0.28318566933495803,0.502484511474252,0.531983042587952,0.352446591665688,0.419005678779841,0.444424546285673,0.5192154371894551,0.097752550331327,0.025226515258041,0.246048211908901,0.9034942100586851,0.86441898369021,0.82151235709866,0.7391360339713101,0.701481673968405,0.791752099681417,0.22834222193366896,0.4045287705689529,0.680402635051841,0.8385707365612809,0.760299312075784,0.843433419186136,0.7840519035992171,0.665006383114999,0.629988481230083,0.7313331182708399,0.6778420828506451,0.759338818180834,0.8640959576536371,0.727794157636549,0.8481834484684929,0.8711610894366371,0.571118815520531,0.7359969859623741,0.37443516272060295,0.901646395478612,0.7856087436727691,0.731786926503723,0.8356539025981641,0.6995426446930179,0.85856312747667,0.8404644847938649,0.8499232572114019,0.821646976369607,0.852696027307701
RMA14,0.917131037313688,0.974680835441788,0.8343887412613871,0.7076745568701659,0.8440637622565842,0.8369549971348821,0.83603614871503,0.913618663700141,0.628668168809354,0.5533431664356979,0.900007293043845,0.914997730729478,0.820464746813989,0.90164871459677,0.8380369293214649,0.860152048919688,0.8503937836130451,0.935095599804768,0.7385414558859129,0.6429238592839511,0.64232565780363,0.543971153511813,0.318993534861254,0.37146372842450104,0.89684638994817,0.6530701960927939,0.9229731452745742,0.6258094760510879,0.5314452153371679,0.7672606726655351,0.8266557068239481,0.920063273633098,0.8950836740623079,0.88720903263017,0.9811470530851529,0.9099525235356759,0.9493661821993791,0.949914382495386,0.906984516277694,0.799675997877111,0.941876790655085,0.899241725827244,0.8970954975351051,0.8918645399826479,0.957525300128983,0.8758045883620401,0.946106096944188,0.9032311669901321,0.849111760626743,0.95453791640362,0.9531795492074029,0.859895336871897,0.924045313715764,0.8719090274064809,0.86582250803964,0.961389634359865,0.934610220591097,0.9197414822937259,0.817151861212433,0.863771093285249,0.9724913956616329,0.962094795450046,0.8867833499970609,0.8386986284605479,0.652054142706164,0.163082114067761,0.9348656765252951,0.957574077536598,0.9671828716567071,0.9089447724867851,0.953784839492895,0.9271330727882429,0.908759470228972,0.9532291362110721,0.9371208224166792,0.923911444879067,0.97429759849483,0.9764541542888949,0.925126905727764,0.9506524085663142,0.928531948096655,0.943548935752067,0.098272015491567,0.018712378439199,0.158220873851028,0.9267158392889291,0.929496203416544,0.904020094688604,0.865012550054366,0.798978620216803,0.877042670872697,0.355365875960572,0.5668422937809909,0.6552707377049699,0.8716760409335479,0.9016931791130541,0.7121813657035959,0.5822058816166121,0.512154182887684,0.6175019159263311,0.6442434782297629,0.470021038688709,0.887120856343477,0.985576759414562,0.8627534998853008,0.9489960380370079,0.9052960506982399,0.9407858150199672,0.8270726084065569,0.666878137370129,0.9435928249940542,0.8211805327205831,0.9048226327029291,0.759578876302458,0.8342641571431909,0.9460717344924,0.9378558640750841,0.9457452109516999,0.932496612601673,0.927936643104195
RMA15,0.904379239999933,0.795280967741539,0.7837437212016819,0.010015377325198,0.07446127716294901,0.324099387346813,0.38123223148297897,0.37018977008228793,0.030924871186874002,0.202785823912241,0.90505343353992,0.979281486034818,0.9449850198641221,0.9521958221078292,0.955754987765959,0.9015421386919069,0.8966788353088679,0.958636425256989,0.960513041441521,0.92165084786082,0.935216068369769,0.9632726635448929,0.937988765969837,0.846932039776547,0.9644553694074641,0.872265304667177,0.9500788339292379,0.894185458899737,0.865955849407813,0.697811278511484,0.869148127853479,0.898229331343504,0.8983942759221389,0.8828325534547029,0.977889253137352,0.9013465688238291,0.963115032132021,0.9601834393181949,0.937349596376394,0.907476205687051,0.943337904282782,0.908388847475236,0.900475766429059,0.9286705065396009,0.943216048571017,0.8867431522083291,0.963690183327343,0.9554898752831841,0.7665086860583941,0.936434009961769,0.9784579192729549,0.884044129389578,0.917529407469869,0.8690420187531759,0.9391652052923779,0.9640249399035029,0.963879868445304,0.9559795032532891,0.7581343768609542,0.8647128230427091,0.968885490524767,0.976008921077073,0.932577948687433,0.852529255122006,0.6065360135925071,0.925589600227068,0.94829845494683,0.767622934023928,0.6186626138170821,0.599589592715613,0.484133431915728,0.31818086592302697,0.424091809572625,0.443596341150394,0.549340434425558,0.38432458069944603,0.564725534128818,0.603445262070342,0.5811660895846751,0.671403840026825,0.748083251106085,0.7017238326524889,0.101560644601075,0.020036097681766004,0.46875862217650605,0.868876176967158,0.768686092578103,0.8427734315263871,0.795187776528088,0.7099441922171609,0.904711215142024,0.657052506600719,0.8837654139332121,0.817402059323912,0.912038458381907,0.924789270288475,0.419687491396844,0.3928298938499729,0.40086782226549894,0.483155079410026,0.43932498169208706,0.327962292169154,0.9275123556152901,0.053801348954481,0.19723975427585602,0.5271434235137921,0.782055280837842,0.17741038367772602,0.022444801495556,0.17757856336723,0.294963658601247,0.18513714437657502,0.28210108199684103,0.074608754780511,0.141823230215049,0.311784097800954,0.409837573082579,0.32579021520379603,0.34668467661874397,0.7768030723437209
RMA16,0.8496127848957651,0.8246782848494301,0.8615548640364,0.826470518654959,0.87374522186051,0.8294648558229231,0.825790998513761,0.922387062409126,0.841525918359202,0.767854254657863,0.9216328217426351,0.876886804191799,0.7710486152556729,0.91237656021082,0.765936274742808,0.8417414098877309,0.8822251107604321,0.921897540962059,0.718991285197965,0.563689510608521,0.638676005142907,0.5623182490000179,0.4060947739248689,0.572403049460602,0.914112587449862,0.7461726868330408,0.9306056555117809,0.7991624867678221,0.6826509468900059,0.9206042405483771,0.900702664970547,0.9219331610158241,0.863184559511842,0.9012414382393921,0.948437528488046,0.90035037050727,0.887342912166295,0.818938803664619,0.8161583513404491,0.7654986882136379,0.8705854424672399,0.871344643226178,0.8615204187716691,0.932051600933255,0.9344174127956079,0.8570713492824692,0.950352027942165,0.915837330725708,0.843835964837767,0.9531632941707091,0.9584898763876909,0.8725583274981679,0.8351178002130359,0.7673152715294591,0.5417459838159521,0.8286547753406899,0.6747507685255321,0.696143029362316,0.7796239580515291,0.821242305090006,0.92950857012191,0.8961735550167289,0.8744309146541591,0.875829408386835,0.5943387090243989,0.242686632829583,0.873592675434521,0.8934066343518821,0.877103568114887,0.825956635631553,0.914740089893163,0.8365357892924158,0.85438001479425,0.873911627825841,0.914988684250693,0.817184985010105,0.9116916977453381,0.856495504568703,0.8385770384915601,0.867183475203157,0.826541782344063,0.8823004735276,0.080448797845775,0.020348937016414,0.148629426149216,0.915806035306887,0.9017666433705609,0.8896002938066531,0.8398482616327541,0.8048846082568291,0.8520075917659978,0.7300151633728591,0.8743514326573779,0.745752509468828,0.881936080277002,0.837894144607365,0.9249433735845479,0.904605538433193,0.8875285199041271,0.8004818988857809,0.85659792182936,0.8872147935310529,0.9089929853272649,0.9705950548845992,0.8630640007576421,0.9324812062046669,0.924907858131648,0.899037610992696,0.88464695813249,0.726976111655725,0.9285732312604499,0.856339079526404,0.8807631670236521,0.923244917305534,0.8248071543033579,0.9284576429211558,0.9115628571751601,0.911016797689946,0.8962131197794508,0.919232267515422
RMA17,0.8493836027827499,0.6028048583231899,0.873131464279229,0.12636122040546902,0.49197724968695594,0.7106186398884259,0.6460720966233051,0.7279701862862359,0.26917556783700797,0.648493782590681,0.880380977711208,0.838132169557558,0.7136911031962,0.610988382984142,0.611224221757079,0.604342868712106,0.67485213379476,0.6677785562231761,0.615523120809108,0.6724587002372671,0.6866703257380301,0.663001110485464,0.7448640931258421,0.5621552732957711,0.9465157943159771,0.841146369582217,0.805324525985364,0.7522840225436759,0.6871419411611651,0.41384474926328496,0.782276879698935,0.848117659744751,0.825386222032032,0.868339466179917,0.962137255216289,0.907881406197158,0.343666727208271,0.348944613328904,0.701244413219686,0.25339692218780496,0.244211586944851,0.380447901011803,0.42339150937087394,0.7459329842477751,0.468660810185051,0.4933689339597,0.9204503415994159,0.9548009411075391,0.838013797390755,0.9428350950262651,0.922366665065291,0.8278647480485519,0.812176438761637,0.7561900950092622,0.32258615321984196,0.6790754912749889,0.41776534551410704,0.39784727295965905,0.823180940412971,0.8163493812133579,0.9529697872248242,0.926919957629182,0.88736069028867,0.8898624209446551,0.670781424617915,0.8369915172689358,0.931808968441871,0.9480136996791451,0.965038587093496,0.9264101415669229,0.9384164977095029,0.93286451584161,0.87890351685865,0.930708656803807,0.9410307823902071,0.906565426557579,0.9740344203056508,0.935628277103024,0.9177058157450869,0.867807992265629,0.88482868134148,0.907441101725842,0.051446444583364996,0.025605713094756004,0.41421584047929294,0.904189288885899,0.90654501704679,0.9270026073297339,0.8247538011728421,0.8008642885426579,0.84345670143978,0.016884016059351,0.063285452826885,0.38049433024180607,0.9041718768083241,0.8845879207537529,0.956070273975513,0.937325498557049,0.934939946942886,0.7156503469160269,0.8673974067555809,0.9615712506262991,0.928948953912853,0.976328102284876,0.755126722241486,0.907231157449957,0.9060044690629241,0.920627328076201,0.9457590401773359,0.6057344760979909,0.90280723125252,0.797364258600913,0.8731064537553309,0.43846117845905996,0.778190347432252,0.898450115796815,0.89314215552222,0.929494769792597,0.9046559230539059,0.8301943671900109
RMA18,0.9178089499298109,0.97945699833743,0.7349898579166558,0.862700491170854,0.8788702055792309,0.83127786947884,0.8059320385155121,0.905699546495772,0.7651971807632479,0.787108021644305,0.9166654362740799,0.960041477232773,0.837345869223583,0.9087070432499109,0.869160548466102,0.8295162276250991,0.847241074488467,0.9032862186781171,0.912019586692014,0.8741246563843441,0.878832439777224,0.8445688477415609,0.661468660405424,0.5944740663827951,0.9205420109293909,0.706142068565202,0.945425724069217,0.77975026212504,0.698362707779741,0.6000558406201201,0.7992471827190991,0.863025231786836,0.8009355309598499,0.853499721449668,0.927123596075284,0.828916701948836,0.902750493425254,0.8618095788411129,0.856402148441717,0.746006754250274,0.746199064473104,0.8003256958658381,0.77753032483765,0.8619476705669721,0.867888765942527,0.756221380784715,0.944230752662604,0.863460574082248,0.8744400058077919,0.941495632901766,0.950490257727889,0.8281235834659609,0.527401409650197,0.42624854123870204,0.146683161527304,0.459385957886154,0.29956222976332897,0.21676471997253602,0.7544006399481771,0.833787624110566,0.928051631063603,0.8932818637436301,0.9022971158184508,0.844772928352355,0.6411894798469849,0.647386270402604,0.870345993001842,0.919894799003675,0.9444547342673171,0.8618974548179351,0.8748990362990842,0.8225871703289409,0.8553433320787801,0.884079564899067,0.8973444514790151,0.835527148652754,0.9662863092323459,0.9030630769182241,0.837905532439713,0.8699245433119409,0.8528295571174821,0.8924234649826999,0.09523523180559801,0.026932871600587,0.104643087109474,0.8804810197124701,0.879471897839668,0.8830189001428449,0.771461792347845,0.7496664848563921,0.8175842413905479,0.021530063353493,0.144208215289099,0.39827557614013004,0.9034982932060219,0.8924218732070509,0.9292597379079771,0.9614668937196529,0.846263843419237,0.6518018698353821,0.8071944703367719,0.738548154513195,0.8472521365760541,0.95375022178445,0.8012441425540021,0.9179109094261171,0.9237264270569829,0.873712640307859,0.8656198219119059,0.5226948332315561,0.921661214835747,0.7282463714435591,0.893481869281266,0.6917695890148139,0.7137194587293291,0.9223350303275759,0.8921358793761299,0.905912731389576,0.8328503620043901,0.920727204737948
CMN1,0.092096692123254,0.034736992036917,0.41395628430363995,0.012869059146796001,0.021680403695182,0.014417899623491999,0.035743214512638004,0.04627112985479,0.032976555060347995,0.048168564755723,0.7720251986445029,0.5843941868028439,0.5601471519484621,0.5804051479783929,0.453301506840025,0.496031486366306,0.526262088914834,0.466788514076185,0.515385855852674,0.497495973783758,0.539040436912491,0.548090784114449,0.40356937688203903,0.30169212032417103,0.6597444528676071,0.536674235213973,0.7096710979677041,0.486885855536459,0.519949979640252,0.575653487974341,0.796181269940775,0.598410485873339,0.534522428884784,0.48675423670757,0.5893939816819,0.466516887269118,0.5305477052474981,0.46610770611787794,0.516978255505716,0.551425971319829,0.3289750815825,0.410694372719052,0.39186027111500504,0.5351949387190039,0.47479133044603294,0.45544393220108204,0.440344880950161,0.658143629098485,0.8118161472751769,0.9309980187322799,0.5507319511775279,0.498363388858577,0.114019039925115,0.031241585085613997,0.024985315821692004,0.039665204169336,0.023833137194601003,0.028493301297642003,0.124248638631501,0.160826862624033,0.021586083507006002,0.087519480507276,0.03722255810045,0.08044182721634499,0.020579913152742,0.297542182325025,0.07517822454597399,0.094079523798605,0.035966476740406,0.10320055719930399,0.094596354530893,0.033427063190171004,0.10188521551269,0.051210379747558,0.046852506364627,0.016820609999146998,0.040076159139047995,0.014936103832066,0.058963819112040995,0.027666523395055,0.06403021202870299,0.08887512702253801,0.18384282743494199,0.317449000505609,0.750708673671385,0.604733125279589,0.49509172766922294,0.373127126880747,0.38598208663916106,0.344478146459682,0.6927092872777979,0.035239092864984,0.21644807448689699,0.5752473250247889,0.09909621996075,0.026930782607032997,0.03876611000815701,0.035507947969172005,0.021737360282205003,0.153616332252211,0.23688906376083502,0.04869459081112901,0.622092744747286,0.699108271105303,0.41798849516609604,0.5452227431054271,0.627457835197399,0.575949684755941,0.31298291264087896,0.031074637948936,0.065193005885475,0.04656061327035801,0.07330103576613001,0.043099737890827,0.066913749300081,0.072622616288955,0.097417158876401,0.046946836640309,0.031252349483414,0.059403417290845
CMN2,0.8481390002547209,0.47384276257346103,0.545946098476506,0.01132554367713,0.024174513790711002,0.019307223997153997,0.086105620872932,0.10410590779814301,0.028093748105468,0.07713600002483201,0.8459712532273,0.12950506907202902,0.13095770894303302,0.169775756542176,0.074648259091694,0.17979880294476502,0.23194096106055603,0.14630893880309198,0.42037323582704605,0.17239338703717802,0.49489815757927397,0.539873018393389,0.09521383662285901,0.06498847670574501,0.5280349337045529,0.216466535367666,0.27346693995500604,0.229254942664238,0.196067748043328,0.07320712917471,0.458298771942959,0.390684386305504,0.232383033576304,0.23929658718812902,0.240471208095658,0.33071071802773305,0.171816174698602,0.094761686001346,0.16976830554409697,0.18741984650633,0.028458634181113,0.11640884101087,0.167644892408621,0.11699865196755499,0.134822884395233,0.257261609503498,0.314474970446571,0.419050771984336,0.39518138770324995,0.712114324865145,0.4690518854712321,0.506914317669443,0.11961693018913301,0.04403352461760201,0.019570878109884997,0.045443013595494006,0.030022659496633002,0.039683084317114994,0.23130927091281697,0.29504559953744397,0.022086434061990002,0.120836058196317,0.039262086403743,0.078001044073353,0.016456800900036997,0.8825721055925579,0.8112747666043679,0.6861940598384612,0.602108762195005,0.4349176276072171,0.10609707366671199,0.054751721866155,0.079409803308681,0.054255035348383995,0.065691056871736,0.020037139825929,0.025546589095017003,0.013734053272033002,0.096055555627359,0.04270316574019101,0.05967510914582701,0.12979825308158902,0.15803570185003601,0.18263627701137602,0.5200192194915739,0.3547315824386699,0.16270011234217302,0.171175557821206,0.158812888102507,0.19998397745962102,0.256385685037611,0.026146034164685,0.19532248145796202,0.41605634977421396,0.40883221837595896,0.09202744728607799,0.077754635351442,0.047489025141857,0.020610811128676996,0.143570643791008,0.13743884360082304,0.028148292967994,0.509642332773904,0.777980550625376,0.228207674562217,0.7990016307732422,0.24297724084996103,0.048212163082655995,0.035977665987119,0.15376002763537,0.332159330167823,0.162639414750573,0.35377161166255494,0.14190035930279501,0.228636564225785,0.30145889727455893,0.25744879045878,0.291158599853782,0.342949044817172,0.5709123761153481
CMN3,0.134543433065464,0.031663130358329,0.24016465843687804,0.008009341025868,0.028930813015802,0.019635787525049,0.077985429604302,0.137386164445874,0.022337625978997997,0.088195607460272,0.5503839361638171,0.030312166755974,0.09043395892441,0.09458160999254302,0.032132664246151,0.11974552112958399,0.144961712630166,0.037487398565778,0.112230743998636,0.13312648058783197,0.18181122146486603,0.119824270570838,0.085766918740625,0.064798082532791,0.294454498395312,0.236957314516252,0.3734947080954821,0.167383773676537,0.19930935480334802,0.025786356690124,0.35170360331682504,0.44712903540955296,0.230300125654645,0.394707274351998,0.165589936059611,0.316426451234957,0.055782169226140994,0.045692912394171,0.25015656692175303,0.058059589902150995,0.012557210743848,0.06005924610076999,0.140906558211185,0.07971557897956401,0.089954779795624,0.16754823024452897,0.803315595914261,0.203143806080426,0.39640013548410796,0.524017938413744,0.043563111163088995,0.26961905339805997,0.10987211967371499,0.05011948437649,0.013901029324651003,0.050685632750175,0.026453745056102002,0.039077580706262,0.268955553995606,0.45308925337445094,0.12293811394701401,0.298111816863882,0.070958104082312,0.12157142793280301,0.014366139807584999,0.28608334208021396,0.7812608933433091,0.264940525105341,0.08700328377890401,0.230889293881438,0.08854873023622802,0.11006130441123402,0.07484536620212,0.077069888251028,0.111520778392673,0.023188181332613,0.022924110051406002,0.010284223315503,0.148515228523961,0.074749506944913,0.146865432398651,0.19690749009317499,0.483299593621262,0.20035647019127398,0.679029682494949,0.213598076059858,0.080675726750834,0.10630962951439801,0.141647011686931,0.20707796485383898,0.10871468151854198,0.029241721737784998,0.173304167865188,0.242146696483754,0.07625045138383901,0.042157183665623,0.060118400365263,0.04087891919226,0.016755560723591998,0.205130102744026,0.131228792780626,0.023179418740813,0.33006127480878605,0.02478439868305,0.12645081573334,0.4697233103864779,0.17593660919519896,0.02651458124752,0.021464018715092,0.09489675287294999,0.16965705998836997,0.087832697114792,0.117344875313453,0.11179697988826,0.13309111165353898,0.131380024551216,0.148763851328328,0.075894418421791,0.020881426698858,0.12539436153026298
CMN4,0.5009127180716451,0.290359775800398,0.35744524846213505,0.009292222159866,0.022304082651183,0.014972557870046999,0.072717864813787,0.106665282474373,0.021545087904685,0.08409361515438801,0.37697108878276603,0.12771167757431,0.08450144866358701,0.11786943115358998,0.054258838333893,0.134795912827339,0.19548998086705902,0.075043045273547,0.17900863321220498,0.257574780094871,0.202043383973631,0.20198690292860103,0.10338951267017599,0.06875174227750999,0.4771325657183789,0.27009741097796003,0.24226366107084,0.18325159819799103,0.18403258822351298,0.11745295880342599,0.198816892095072,0.47028419212140904,0.5055668745427621,0.458145271109648,0.19035281374860502,0.327797579706862,0.14942295737932798,0.23064034219032,0.37607807867828796,0.258786158540862,0.017930442213213,0.074436220021752,0.11264339420422001,0.096701146753239,0.11501861645082301,0.18732844128722698,0.282077780807106,0.47025795606114096,0.6803925808773591,0.8196561583711078,0.29208143495586897,0.343977799508616,0.168264968480111,0.050707386435762995,0.019090106293485003,0.05682322194865401,0.030953921778475,0.03591095541743,0.39822818258297493,0.46487436664407,0.318467515397521,0.476988048164325,0.169287352446085,0.22991917595645103,0.11043122729876802,0.190534334790569,0.269906710372393,0.090525072595719,0.038663431106879996,0.11018353471397199,0.11596171917554801,0.053680944013755,0.10396682625775801,0.034749861283037004,0.08866978866194501,0.020918419469632,0.029386372964085,0.013948264377764,0.10730231091369,0.058256509444520994,0.087570882963891,0.13926606560187801,0.75057263659328,0.750569273100138,0.8987234275814471,0.5629113753841489,0.30429051283810904,0.268206837505624,0.27852885087630297,0.31107287929631,0.419436965239594,0.022463496816535998,0.09084372553186999,0.305159894256112,0.611118574645099,0.33729966292963603,0.058026436064847996,0.035406505307721,0.06918273541203901,0.24562337058278302,0.28639743656601,0.063735142583973,0.787730406829025,0.8034613380139028,0.686052168365705,0.770253265800904,0.7798382995132829,0.665627393308249,0.589688170434797,0.073677378350319,0.140081813648255,0.071208324807456,0.10831322568320802,0.061469464398972995,0.098157672579026,0.136139856006841,0.168532090841829,0.067664941683255,0.024040818658739,0.15704754878139499
CMN5,0.301817900532007,0.048884451742499,0.39671425454893106,0.0073848647801720005,0.026469028907605,0.016880500509366,0.117769446520277,0.16835924058486998,0.022614940257551005,0.107957952538286,0.868695589368987,0.497702799012082,0.530482533259932,0.630855731599869,0.390502632640524,0.463331669159171,0.577009281662501,0.34843119218137303,0.5645502231419489,0.514807859068772,0.621056222378624,0.533023614991325,0.622779623795981,0.45634814529511397,0.716963156841596,0.6299811413191679,0.6268049691438,0.5830883916507851,0.519658502925395,0.5172294396501971,0.790644987085201,0.7442624582351491,0.628010073963581,0.6640558452218609,0.46158827175104605,0.530384823947759,0.494040473804594,0.459881118150947,0.629630808833532,0.405059210932395,0.188516358490185,0.255322108341251,0.379588930351851,0.420282637400018,0.44822419972576394,0.47766811555776,0.7351039811719059,0.608516955662057,0.819899869881516,0.954395910122185,0.49412265223613894,0.667765691509162,0.12187104597694,0.047483655607150996,0.01544594635909,0.062816521642909,0.035634132525056,0.043199967400918,0.21596363458468804,0.220895014501282,0.019648903264011003,0.11372429230677802,0.053377010617811,0.17348140061745998,0.024214171744896002,0.537131935596636,0.208371839153817,0.175607879995595,0.04091144747102,0.083231074488716,0.168040395851281,0.103468881924541,0.128008280951504,0.051593763328977006,0.10441232956745901,0.031104149123653998,0.050542907326522,0.00843652195212,0.171752503923036,0.086902656616216,0.123183305561512,0.165165178997987,0.60575376330819,0.686937618187941,0.9375862745672571,0.66156181090261,0.38497253622029,0.451107336686304,0.407252566290782,0.37188016385614203,0.7664556016460071,0.027804625425831002,0.2962678880618089,0.6315196591622231,0.158414494903229,0.040806209538932,0.062885632327283,0.038351701056063996,0.03324704859338,0.310327308222261,0.30980668856312105,0.05926227947305901,0.584015419446255,0.6003760347244289,0.4836502757480471,0.708448229352,0.434331563401872,0.38596796351298296,0.249442314449574,0.101609338648943,0.12994393058077802,0.075812744483231,0.129195387620325,0.098133787453901,0.11106844297105599,0.12771704776554,0.22279602696716,0.072829444547713,0.019639434389162,0.16160135342334803
CMN6,0.134685151818907,0.028981383995526,0.332552284348439,0.008545402247384,0.027523559462563,0.018436066424326998,0.08995094469688099,0.13119782285241402,0.021556052763930002,0.099463254475629,0.455233276228534,0.034976801422076,0.061384044870154995,0.114550667723631,0.026030118777788,0.10656617587705301,0.14648099297175501,0.036858977927764006,0.115912614187633,0.10961615375192199,0.155776417715936,0.10867840951044198,0.087230565691401,0.061980401049432,0.220200294088374,0.26330676867402,0.60650511657031,0.150901681872578,0.132610568594306,0.11702043633525301,0.28060755690707107,0.740280201397282,0.562243759894083,0.42196859419521004,0.084135946245765,0.441114928407013,0.05561429801098999,0.019512712952034002,0.184665150208327,0.063521733162118,0.012602289348853999,0.057013635417254994,0.116640637279377,0.09458801920811599,0.10449274417920901,0.165615923146594,0.505096666364174,0.24516713902309398,0.40435536471827394,0.37066670697732,0.20327613199336897,0.422103635297347,0.217735104204555,0.07730648552817099,0.016139174640174,0.071430367983843,0.036343727633317,0.04261436742184999,0.263196555956615,0.248531319233689,0.023274434385182,0.148430143034925,0.046563127372559,0.11957374471578401,0.011954691456503,0.17580418473169,0.18789021072890602,0.112168743457578,0.030115831027065,0.086745640521338,0.10504391453606099,0.10888425350617699,0.094332467668073,0.048508650378025,0.10903719229919,0.020178615304812,0.02270180164102,0.008790280845357,0.14209370792034498,0.066029324093765,0.07703734776589301,0.172776429125292,0.8855032303592341,0.8672874821076619,0.9351472695100759,0.5452747870968611,0.24085395774504603,0.31841002796352597,0.364794548040476,0.347747609610615,0.409644243307315,0.033052728324291,0.17145816399730499,0.262698124017534,0.125559895375108,0.038534517691079004,0.05910358071291099,0.040360176382168,0.016012679976723,0.179468689725662,0.146943423968711,0.02606331844402,0.10767656975087801,0.038847774883121,0.127885793945263,0.163111034922766,0.16690489434215197,0.10086610169314099,0.02121036912845,0.06842395668342,0.168520348852798,0.261498721014363,0.126050864514234,0.099765013339594,0.141116894589823,0.15309994499098098,0.19738238609853398,0.062371435850347004,0.024625241958576,0.11619858728327802
CMN7,0.5606870690658929,0.048304903052739996,0.609944569585776,0.007574779066442,0.024466376380887996,0.020430485526319,0.11820324319922401,0.14650629009799498,0.019738520940425,0.119946189853476,0.292320648610617,0.084703657569746,0.13453730620511598,0.17652310208570102,0.090286027650787,0.19777961762691895,0.278835271299473,0.05624517135055,0.46686738279250206,0.5735731712011529,0.5896304287969371,0.30275458028890995,0.123139741717417,0.094267083358557,0.444170139371597,0.273217976418645,0.428224568133931,0.313845555025965,0.39897192935012105,0.08170864123235,0.39591918528974707,0.234362795447666,0.36961883447541793,0.40974363608733505,0.424984213348264,0.422652099486766,0.231344897462096,0.193644632055532,0.6438360866466329,0.10422872766556401,0.013446785812441001,0.09322131818580401,0.16302050068856197,0.108695765181664,0.22396456611881,0.22550764679528001,0.273855394411726,0.103109526536745,0.31756444362416303,0.372759450366798,0.16405955001051,0.424606875387839,0.17959024953713298,0.054438781073932,0.020342714990063997,0.06803252595104199,0.042845646870807,0.038646330797822995,0.674830876503449,0.738891224376124,0.756450301284737,0.64159544050688,0.7599865723430028,0.7623452746687409,0.512599688564682,0.200748414898246,0.29247955474692894,0.244628303357617,0.105720413334166,0.189830015737241,0.239259765293982,0.178627464019665,0.229556979904413,0.152640605741724,0.22376183834582397,0.096003789203822,0.17419237647842803,0.24783437784595103,0.23601379528142702,0.358353789562447,0.280046114420808,0.43226101401649497,0.7314828614205071,0.5634184084591078,0.540985962225979,0.805165415773063,0.659148883899347,0.7272756327996122,0.664526699872655,0.669854840223099,0.759647892680072,0.032890950513291,0.226320264538546,0.521025059248577,0.803531562461031,0.668063362631474,0.716238925869543,0.60552585723663,0.548041815673421,0.699309171082428,0.6624047468761489,0.5128952961730671,0.808360480497009,0.8588719744477821,0.7652890353333759,0.883421492101247,0.8175863886277019,0.7286424294021221,0.5582033653984271,0.35297914115102796,0.8791188289551128,0.793688790940347,0.7518466870551149,0.8093552951825731,0.773934093333838,0.894186180372912,0.792153135996738,0.813368364063938,0.7459519444814101,0.84872660815046
CMN8,0.094251959076881,0.047370768860874,0.38667542548860495,0.013949717098681003,0.019775229189929,0.01270108923238,0.035179909519878996,0.034298119103055,0.036698991106671,0.029909254474576,0.110488062343807,0.050958427338301,0.049802671376641995,0.032191172513839,0.027430297688511,0.099637665924809,0.109470290751424,0.06261983102990401,0.086467224114818,0.090065716634467,0.103333756822976,0.104184638100337,0.07983445220654,0.033002267060810005,0.175657219181059,0.13841209886790698,0.10604307711589599,0.11520471832324301,0.080965780635034,0.304837200615467,0.113011802678141,0.41352498411693,0.28170471642330397,0.311499567830838,0.30451757565730503,0.23904862542704103,0.069575030652427,0.073747307706175,0.349214774936411,0.133923912980455,0.021055993334865002,0.044603287616905005,0.07748935765817501,0.073986110358144,0.033960521999308,0.097381554437351,0.27056930216826097,0.07898570125429401,0.21240509988999698,0.291772181505531,0.261173190525535,0.242528670880438,0.094108207025911,0.042627373335379,0.027761163237617,0.03783991839332,0.023435853063042005,0.025774266852056,0.31721766936859497,0.43156359277205897,0.145606709635133,0.375530927640206,0.11154450879218401,0.1711776023894,0.135176046982233,0.343647594498183,0.738450758883591,0.552605705681033,0.5953037282093809,0.415042901510877,0.06768284940857,0.045982413515512,0.077152116199888,0.060324194455032,0.049690331237838,0.017379603077765,0.041120667443761,0.015496147729096,0.049879171740784004,0.018818577438581,0.038136891787025,0.05011526507768001,0.8249172137704108,0.846047857063386,0.922518380772797,0.397032612666442,0.32782869269123804,0.229118030007037,0.299763253778457,0.296757232327292,0.36047959551923403,0.024791841406694,0.050046930775167,0.24600740861636397,0.08397814771674499,0.027678564351296002,0.03346835254666201,0.034355235193086,0.014305678547661002,0.061815762090903,0.060185686904253,0.027499412365395,0.092585252124268,0.318180780130056,0.050900066385771,0.086841346270396,0.126003495217829,0.028008652431119996,0.026391961393346,0.025836506526936,0.065139738980859,0.054174521612862,0.08418418226885001,0.041099289110503,0.07831037393839,0.054153391864587,0.07213735067855499,0.049826820884717,0.030061106627791004,0.03405913946943
CMN9,0.27443884737725,0.031646378714406,0.477195972773396,0.015044987556511999,0.024097959790493,0.018945602673423,0.127538125851861,0.137161749432445,0.02400939598196,0.087399168434727,0.148911214273925,0.028267580924549,0.05212914831868799,0.055881853086289,0.018261050750022,0.10194994761360901,0.084027900381607,0.02905642567794,0.160402565507056,0.10236149570196301,0.11743659599697501,0.10332231713921301,0.048602964654665,0.043624472632025006,0.05977364551827201,0.26108425957432396,0.097597931997496,0.08320962212245402,0.090556938955469,0.022082881112845,0.132119041215125,0.22568384462215602,0.131869450592946,0.122241572182838,0.016252276824459,0.123455092642841,0.045013386054347,0.028223767105648997,0.148144384098359,0.055456364902150994,0.014502734401561001,0.043696295158979,0.079961209396023,0.044922503290783,0.055762870271482,0.22423172353457604,0.6693663067146151,0.143479319869137,0.23775345203657,0.558706311038103,0.047256713971405996,0.139124987686231,0.18630949647145104,0.095136693277655,0.020729331182929002,0.058055753401633,0.035740712444827995,0.045254371423989005,0.44265866435152,0.605805857369313,0.5341200254749761,0.545338438383489,0.547879636451724,0.38764451334494204,0.238250936494912,0.096175187583682,0.403656125415364,0.132887450324279,0.06150581378583,0.20251187324121603,0.093515740504199,0.074591928482178,0.147811782679057,0.062059693828682,0.19635213423110298,0.053668346344282004,0.065626883288714,0.18672263273204,0.260641917899751,0.19732145338230497,0.19868874325701502,0.28758722220025895,0.47888689803339707,0.261666248683867,0.489813629326664,0.563917561353689,0.388119260338148,0.41383540587191403,0.46892087730114707,0.43381780793633096,0.7240050391600359,0.028856141257464,0.115005862529727,0.41753189663738705,0.6545497861131,0.41290108243662604,0.065230157702261,0.031212007669020003,0.040001158899058,0.262329303138982,0.31181590286550204,0.054766675828445,0.8419593246846959,0.588575948525791,0.365769576748732,0.648058957908059,0.443252825973294,0.282200689413747,0.15986994781358,0.053103983855675004,0.179636916778098,0.052850550570530994,0.075517985441828,0.056082215239917,0.086770209141621,0.066117305419403,0.1219533637641,0.05908779762574299,0.044517532660943,0.24042064729362903
CMN10,0.168550781648558,0.038208873729664,0.42180007381928397,0.0116403206985,0.022704408512995,0.015792387439017,0.109223426942493,0.126256815888417,0.021947123223466997,0.096088159551026,0.359114030874529,0.09965424431656598,0.149057056835721,0.105969574553247,0.077813110479278,0.16726216850291198,0.20568721209028099,0.059135739702100995,0.21100661582977698,0.187102323287994,0.269584629455606,0.21325599842545603,0.15709744252975197,0.074612070336952,0.424092619498605,0.296590283063972,0.276061676006938,0.323875982900102,0.24934655794439897,0.20421951527391502,0.254617140891218,0.6341860218510611,0.43265549434335404,0.4297949930207489,0.281132513477263,0.323120247202182,0.087258939078148,0.12395413840205198,0.330934759094961,0.236603565452163,0.020313406774916,0.07300434977784599,0.11694655110229599,0.13436946046993303,0.094890788724315,0.24703856946321398,0.41227554480452294,0.256438011935406,0.396001439047599,0.7931636745592902,0.519555894310673,0.54165543317946,0.18124657792682503,0.061783775656582,0.029562822787854,0.065922701516904,0.064192334739125,0.062138810046389006,0.28138407175059804,0.34978938093501893,0.07142567947113601,0.213623369778852,0.062653189932956,0.171653923402763,0.065037523367749,0.32705273598753004,0.30098983410730606,0.17692805029773,0.063353326367134,0.12244828158701901,0.122134891993613,0.08543166493250501,0.148583132533796,0.042333067847034,0.078189183902375,0.038799136987371,0.032692441187542,0.015030174597293998,0.11323777457038099,0.080201155793234,0.105009709541835,0.09127237575241999,0.7495192590705221,0.7999994537491321,0.892949691450288,0.6110890342166011,0.44486352259973294,0.43162604904136503,0.461995721351195,0.4156142358110929,0.551736011456614,0.030065509459772002,0.13977352688393302,0.361041114854784,0.125930352538505,0.051621541982908,0.084534341606865,0.051665942516125,0.036855010922113,0.17133020586553,0.157770961232698,0.031350395735663,0.542817594032666,0.05172760314534299,0.181718503097504,0.38327460314534,0.366289508049083,0.08129697543894099,0.052830174729678,0.064980112808164,0.152871078453716,0.109071053506251,0.145842468412382,0.08842564375032902,0.13543155610673402,0.14489324534985198,0.268846743946738,0.065741727833458,0.028597595475501,0.138469291693446
CMN11,0.17193821382482802,0.037344161490097,0.518207977754285,0.010525736412273001,0.02197881391316,0.017217391117167,0.07067234727802499,0.115285333629242,0.021821099956621,0.107567684623223,0.36860044445076,0.162156965463611,0.12686114658605,0.17322750223212696,0.107459793633344,0.18091064843185,0.22319860680592102,0.093213502810487,0.217171148309103,0.242904548593072,0.281602087846728,0.23027718600327998,0.135958669621108,0.07327784569387201,0.20416158470826398,0.276688644902657,0.301903716263992,0.20259399288014396,0.20953862172054702,0.07787954663832401,0.38380027954599105,0.497631625768466,0.198823573490501,0.212322604734728,0.125134569728367,0.330631894274923,0.13098744443855198,0.15352827032369598,0.235163003537147,0.156260978519587,0.018864798599651,0.05535220301731599,0.16061041030379197,0.07714651082124101,0.116159155831672,0.20425841895847197,0.32010018617090996,0.18631075225909502,0.681060081665833,0.8636383218779821,0.46057523461516603,0.607057250216134,0.369887710206064,0.11361495325897099,0.034173808424494,0.095238988296702,0.07197157307852499,0.06660094132238902,0.48545402487867206,0.540890455581036,0.5428490106738739,0.519305666773027,0.6390542292257829,0.587114981044871,0.397131551563992,0.329911627958499,0.435487314535489,0.121705729176994,0.038641253867102,0.135239133221362,0.146328000760265,0.07145482059269401,0.143576638844487,0.05179106487442099,0.077443241455971,0.020907761319954,0.052201711347359,0.013701071923520002,0.123298384748998,0.049386057733966,0.074207168382426,0.11618678034958199,0.61497718454159,0.7550468444085651,0.935521277396535,0.73239988600712,0.6075199102550799,0.584987498596422,0.605979548825317,0.57043081840597,0.7139914020630799,0.024809063103067,0.155720660761268,0.437111191656401,0.147373349994908,0.03841587206468,0.040792237849877996,0.022204006684501,0.043224678841891996,0.12779001628905098,0.13299702120727802,0.024989106495683998,0.20818453240372098,0.037371264617962,0.171144878506537,0.398830598939872,0.172976195280031,0.026598046189945,0.019302224193089003,0.06401212004967201,0.115341895465041,0.06831468776917701,0.066651786674175,0.164089099225278,0.09370185758191,0.140945563334643,0.293130795746499,0.062199291952245,0.032315852903065,0.08270983781886299
CMN12,0.090548121163159,0.035132788700702,0.291462983625674,0.012008296146750001,0.017335467050281002,0.014990117344881001,0.037642641913847,0.042167520300511,0.02357731239462,0.041474767391154,0.492044386416337,0.12005219347328501,0.09348238737323401,0.082041548654981,0.134746229889696,0.15180290586594297,0.190077393155583,0.13257454126693302,0.144448666908793,0.13970988227248998,0.14339570776818802,0.134537851079596,0.081371049132526,0.042267362984999,0.12167194539744901,0.16374939083817402,0.152310621813714,0.14094812633241,0.112481964936691,0.10334255039076802,0.114205016974731,0.480533570456543,0.21674009598686397,0.175776837514689,0.160682655146457,0.410989584674056,0.1302824045337,0.124207031324191,0.258914321305542,0.176564658516359,0.025067392424221003,0.049820223584259006,0.10164155582096199,0.067305861553821,0.05582454277243001,0.158890253513984,0.145326985154239,0.189995117715371,0.24133426770953498,0.41800386092132397,0.147466325201246,0.18559271732464303,0.5733098571092371,0.288610732720645,0.061700739668735,0.17520496569029997,0.10099456709615899,0.07295088788506598,0.38119278717224203,0.49732606738376,0.499749188842008,0.456442924451327,0.14403297337222198,0.17365197120323497,0.06325510074182,0.079153220322547,0.785433519281528,0.8811130304128321,0.924639616632509,0.8249584501310541,0.904642203854225,0.844871069908166,0.78975817928161,0.8193884421686991,0.8265604461801049,0.7815317600971291,0.931955948322481,0.83675718287427,0.7627090735549029,0.650561641131545,0.715767422076298,0.6826996902685172,0.47972874949309996,0.4341757059355129,0.9361760815228221,0.34997309790451897,0.272967958017948,0.18312874589117198,0.20566957342088302,0.22747653038044502,0.192530109301846,0.018750223532249,0.052315255202226,0.256509060227927,0.09305305632387402,0.029712737423880003,0.031382945762823994,0.026330765553094,0.019267801712821,0.040345500518806,0.058369089595837004,0.022939422051784,0.096515376225229,0.03561540361824,0.051012477120955,0.06445739621897201,0.08715627934948798,0.029317221375872005,0.018286340721641002,0.023726859732227,0.056510334862865,0.037795370127733,0.049249885970885,0.029668427310884,0.05423079266784299,0.09792279624905902,0.08675279528192999,0.042653156928757,0.028051352309215,0.025622512162968996
CMN13,0.695396457142728,0.856076100845364,0.589078327524009,0.036557222156478,0.034961794291194004,0.024907926737565,0.12361813069004401,0.095292954365672,0.13719146300666699,0.09156474549593199,0.549602122202889,0.051506038438745,0.071232817774227,0.09290180473569698,0.078038989637393,0.12857634098537,0.17183396567432999,0.038656133630783,0.181531971252045,0.136246187027328,0.172951875705172,0.264827729477445,0.436529311462603,0.085979962875162,0.17971056446735997,0.229586826162434,0.376997641725315,0.242453363056494,0.344677262028643,0.624449156959635,0.44058986424695595,0.633506024658405,0.6730015084294321,0.439161421482286,0.43863635161569997,0.319390822807888,0.10987824926224,0.12668965901247098,0.43927737906284603,0.212290459692841,0.056108918909122,0.051242354927333,0.20253606690412498,0.10292890599785302,0.081330874982721,0.15887412443861498,0.483844075262258,0.103352261913149,0.292898113287652,0.25837487797131403,0.25437250883977397,0.31690037340380295,0.557675189078737,0.244761001957024,0.097160710793067,0.31966714480946695,0.195501403437877,0.12862594907308197,0.628259562170298,0.69489195102204,0.739616000155758,0.650336232604244,0.730814053495141,0.6512256563548361,0.43194887429328704,0.19738930001695498,0.46175126374514097,0.23146669705287698,0.113502888004649,0.23449122905216102,0.16089767993687804,0.101324730910277,0.11486834219167402,0.05405398287825401,0.08066924293234701,0.18774637353776802,0.038149637993833,0.046273948830025995,0.13913967868591598,0.085169548890581,0.12812313685069301,0.136184466474504,0.792862238327249,0.880439607943504,0.923884229342535,0.8503242765441701,0.547971580972332,0.5532202264425451,0.657141032302026,0.62760694097347,0.7178768468006741,0.044085877291814006,0.134077542890079,0.43544158320732507,0.612346433931788,0.065655071065915,0.04715595604659901,0.12160049646152399,0.047876421577977994,0.174190929217126,0.109416106876164,0.068533837934429,0.154321464863548,0.42190991675266604,0.6917904845720171,0.839218069737938,0.30298125588256297,0.090856864654791,0.45561714191370295,0.6431075130071989,0.760895336948409,0.723263291294343,0.716361560149052,0.657598674105626,0.6946484153109351,0.671955819252479,0.798608764132975,0.7213087483756171,0.637502689726179,0.765213245119326
CMN14,0.3445250328028969,0.040943231525319,0.70361806022413,0.011426324204028998,0.030827547230154996,0.277318819006851,0.31314426205834,0.305691477857969,0.031470517525365005,0.173144020390959,0.512102856958665,0.066018420654921,0.09315676304884801,0.092240459711241,0.05594927700465099,0.12736594362586,0.178689209473679,0.06318139952370701,0.126111936599438,0.14431353975985098,0.195667645033946,0.144205074342867,0.41784130982001,0.058288412685943,0.157147809329539,0.152541272640621,0.17377560651956198,0.25261242717245397,0.14068221046051002,0.060383130443128,0.15879253106791102,0.28553372231776303,0.14936627843900102,0.159957313450786,0.075393414921317,0.300684213695705,0.075551027211057,0.045376704291947,0.155625670367163,0.15586541596836098,0.017729478989735002,0.07125495624009401,0.13022945228189597,0.07106179794746499,0.078945814943,0.175271732120286,0.32337878922204105,0.092778850133712,0.44367266355399293,0.6126319682795269,0.268445479079156,0.34012538364987394,0.094440592003116,0.051977791616315994,0.019638805950338,0.046460522987770994,0.030688298948727995,0.037750589994480006,0.440771372809326,0.5346517090759029,0.497508942963626,0.57081725198439,0.6004016545265219,0.426605582479625,0.13161578051439501,0.348485515238942,0.5787154649494051,0.5863495537080881,0.470050875906303,0.444817057920943,0.47681021982977,0.339783018157483,0.41599694215288696,0.416941358820321,0.506335285171543,0.372768591002459,0.5987305326278729,0.557564368336544,0.416697656041948,0.49352674658550205,0.552751312459265,0.624948682591032,0.788645474284513,0.777003050473364,0.844270641309,0.48608402921814203,0.358978065247707,0.302076877837885,0.34305111238816904,0.33505499102456104,0.45276280693740395,0.031902396876226,0.09020383508712401,0.31386722781957,0.11232661464215599,0.034713511723401,0.043350672481642004,0.038989223709812997,0.015025024265949,0.104673858541946,0.11013770361087101,0.025296691344815,0.657958137198746,0.7689742419019928,0.517008886157636,0.73967459251781,0.578268001380068,0.6417013769990639,0.35724011119954996,0.117804222316082,0.591063343294182,0.39353181645917296,0.587374543218361,0.08067391355910901,0.18751098649131898,0.118668445693057,0.167513017682909,0.09274094051450099,0.030246545262308997,0.32003260928541494
CMN15,0.792469242617316,0.633394814541715,0.777631350862146,0.07068771204213001,0.302258609293715,0.547759255788651,0.645662258337104,0.7465887822321701,0.22021181078519697,0.41251920401806397,0.351164807303799,0.24426570202442102,0.16321162603640899,0.264795268317313,0.125166236204758,0.252526764786688,0.274456485822256,0.171383207119329,0.263847502011266,0.224918511125653,0.432324397140983,0.250173265949911,0.124551621909535,0.09980221970286399,0.205902936647048,0.28020597512657697,0.27505690327462295,0.25971590129466,0.38294998074215797,0.10511614734368001,0.399160720217153,0.26885241035845603,0.29078120013046505,0.298744673576555,0.130383216041931,0.252166398656541,0.21579531042945702,0.136584300248913,0.296947228219214,0.130463406257294,0.033548526607207994,0.107753545984693,0.206506393013312,0.14712830312435501,0.18193777278488896,0.326490317384846,0.35286192546654205,0.38993269360889204,0.596487945214338,0.855006830566048,0.317946981344065,0.5066869660452991,0.51056348184439,0.254432593117757,0.23261301859154102,0.451995139869776,0.290374728332062,0.18446007737401998,0.510603619517539,0.67083319210633,0.6308591338779059,0.641454319495553,0.6313500586395561,0.596783780344496,0.35264763177947706,0.539940022301268,0.78250676599749,0.9022685757970279,0.8503132123581829,0.708045923320409,0.857005453248611,0.8216324241298159,0.732396470838711,0.6672628500999189,0.801743721665145,0.6609751584814979,0.7936842052329158,0.6962918735518571,0.695616045523995,0.8407991397238108,0.815126252981604,0.8805736974339341,0.759864499443697,0.6996527728725479,0.9035036475153629,0.7310260963495551,0.519862611596021,0.6103538351836489,0.5713352214787341,0.5287859937039241,0.80710571201131,0.121676525970212,0.5798531155275309,0.66517339139388,0.7774654773776808,0.568378002748443,0.301242391013644,0.28383300008675,0.20517383513955603,0.456409474320342,0.426013608121363,0.105207043535252,0.842112560168376,0.044588284754475,0.42008988147162296,0.596953265944133,0.21109428832602103,0.020368562000728,0.028877166472897002,0.587975847699715,0.92496581431547,0.8188807525583629,0.81834209338328,0.8712578824743129,0.8508194383576949,0.798887036194157,0.7893710654919741,0.785088191307876,0.6751836391586079,0.812195608628588
CMN16,0.162720960915139,0.030916430977142997,0.301811118706549,0.013269590916573999,0.020594949880156997,0.016704127331614,0.208001503304191,0.194738872967842,0.032830048404601,0.086241624491133,0.7005412682887989,0.036195614520785006,0.06537205784469999,0.110022278864344,0.015432514144306,0.11820353054496499,0.10631061670170698,0.029664198624648,0.093517991053702,0.161447763212367,0.120476638022292,0.12659303126207902,0.42967066466415793,0.23357483741844104,0.374264346327556,0.13286844300505002,0.221681725461225,0.28772196491275703,0.10164844891317802,0.053941359666732,0.334215465719132,0.435382253138395,0.116299983654309,0.24659808903025102,0.018075001228294,0.20866155689352803,0.10415619770882599,0.06997665031524601,0.526820890112107,0.044359879141449995,0.047408700349145995,0.243895490226038,0.082345906503851,0.29221015169755,0.332188651700403,0.133498968677278,0.48494765107162496,0.025978626137081004,0.20676509835253698,0.25465171893267,0.027330837523311,0.25742103265150196,0.057809596564633,0.037202347070812006,0.019456137754540002,0.051271894597105,0.032512448141657005,0.049160727753071,0.14912134144423903,0.19878661570978304,0.012274226126091999,0.069767164115759,0.032937905134309,0.112623830930856,0.011111646002674998,0.43309289735931,0.79817252963747,0.31862738508516697,0.089623356652052,0.088737355388136,0.134232078971548,0.084027509766916,0.068504641992942,0.054145919491406,0.076802150470268,0.010014474332316,0.028074106100042996,0.009820751279974001,0.117735171488504,0.06280329766638201,0.09069698320036201,0.176291292996599,0.22347702181310103,0.107965627327857,0.546056142928118,0.356378686841309,0.042716185658986,0.16703870620146696,0.377179944691997,0.346858987357584,0.34057245664337205,0.023769624531913,0.129836997081739,0.18831215124948003,0.087307487465306,0.027998797886099002,0.09117403693595899,0.044303519392225994,0.024318286614648996,0.189572875074422,0.105786034346737,0.0433096401322,0.43320811200204296,0.023481411606122996,0.08577115400021,0.138051867003576,0.119487794113849,0.041637426598309,0.05565774661415701,0.218596336289946,0.162845616505081,0.528061575664481,0.390318086807754,0.44751042424194704,0.165207565534049,0.42681123804505394,0.18447208942364604,0.190523040977447,0.088245100181857,0.214046139839418
CMN17,0.7011348552155561,0.590191917765701,0.5394398140996861,0.013059227818482,0.016431478557879,0.01548842165667,0.05161453460516299,0.077459348894259,0.033396938526438,0.055778588899532994,0.29897983924395194,0.073232467124459,0.130726712595202,0.087959134033798,0.031488225076197,0.099266878721829,0.105322053781494,0.034585074320473995,0.167513848194431,0.10929141546850901,0.166229853190978,0.300812926657883,0.044537561186156004,0.043484690377334004,0.16460123314137198,0.083389071872448,0.08918043237336,0.073191849041611,0.083408588786615,0.049528911494498,0.159315266323478,0.11703292984382599,0.070801005072957,0.095020543664275,0.055358583965515996,0.127770499580346,0.068308498534828,0.083411329072877,0.07315900724764501,0.053376513890099,0.026032981466202004,0.08186985045573199,0.145935906599108,0.064777413886182,0.073302652219332,0.045318110065492995,0.41136579213446706,0.46610959199280894,0.681718683828644,0.6767095619435379,0.532140368214459,0.296331661616154,0.09413088264988,0.051013883249544006,0.022158302133183,0.048019807215414004,0.027515640127621005,0.038293334024753,0.09519516986576801,0.181749167992621,0.023628763482942,0.093116279001785,0.032352878939132995,0.057264677880539995,0.017821601821955003,0.552868120041185,0.855530136891237,0.9025943914099329,0.9409930003433821,0.84259548687474,0.907359025133298,0.8962319881200999,0.8052733656121701,0.838975554730298,0.893208650161458,0.7483304035942709,0.894850676049428,0.768578969938855,0.7426196471146921,0.818932442616383,0.772612146287236,0.8238665474063991,0.216869637063093,0.18590394505409802,0.6407597474641371,0.315072442877269,0.259175050822391,0.108290839774282,0.04740743968864299,0.21946903154486302,0.09997947477397,0.034936916087477995,0.06529469367993,0.13831960359104903,0.5864000353659421,0.38244800296079395,0.16928760737525103,0.28148368029443,0.227810788761871,0.271446067316567,0.31733591492617796,0.173933253254303,0.887147789204945,0.436438322348332,0.31527084452681603,0.313851067600055,0.512233571761967,0.44627583913270297,0.13689079746389698,0.38658098372273403,0.7565433097964251,0.8055522876878929,0.7529874764502199,0.829575594287814,0.498124115991256,0.858129918929809,0.9046765740316708,0.8921352371987429,0.855776548765726,0.679047964092476
CMN18,0.5445967099798811,0.686463489890462,0.249942646142995,0.009023973005097,0.021729114142584,0.014176904244722,0.046485691793545995,0.07848862130027001,0.021474300094884,0.05928893302822099,0.18312330969796103,0.067494627987777,0.055375004041425,0.066309678067506,0.044200253916424,0.11920344571513199,0.166273684466735,0.043889604322361,0.136546707619841,0.151480821043185,0.17750299778282103,0.168604034785113,0.096420268504841,0.048397286838132006,0.13478519801763902,0.159032662378163,0.20718840032676197,0.145603503071971,0.16949830644054503,0.068907003190177,0.127595638493734,0.547987958538755,0.35739708037162604,0.33557805526022194,0.19695903976473,0.398414771052581,0.073067574363573,0.09683969837863099,0.21840681713921498,0.130723398077012,0.018416743342165,0.051277428609270995,0.090832422608827,0.064971182005626,0.062037033243127995,0.186140054234818,0.6708146719431469,0.056206345044914,0.323283598926024,0.416378923413231,0.26528085616322605,0.35432454571655103,0.6568579668172371,0.387854252298806,0.436594869679976,0.699428859028009,0.529292877214246,0.47467414801372604,0.595562158309348,0.642118834250198,0.6847166614004501,0.627139242460955,0.7314103103523679,0.695359850349972,0.448669427732858,0.33148113005195,0.56567357707417,0.6886334631642661,0.525362787843384,0.49783175795824103,0.557900728362852,0.28676779380765605,0.272202768788716,0.204229002501905,0.28621214902103304,0.17132942943978102,0.29718341642242,0.29112663338759304,0.273098541856428,0.22942695767899,0.209365107545269,0.252486528909148,0.586291612580239,0.46245864088158506,0.9432743718554301,0.55031987280612,0.39309434940783,0.36842665782582795,0.417214974871159,0.387043678485156,0.49178270038272903,0.021608130256009,0.110787618531274,0.30711895115363,0.11437442712141,0.045187986799819,0.04947026720418,0.029726080797506004,0.037765469772683,0.136499918333195,0.109342223978517,0.024678019438465,0.151484041689942,0.102803512270556,0.09098869228719801,0.164806084742218,0.123579617035847,0.017205977696005,0.018421834397099997,0.05376394196597001,0.129156328154038,0.067860401037946,0.087845588517194,0.063619038579102,0.105462096580655,0.14588016812834698,0.21142232181801002,0.067623677066317,0.022516628132767003,0.071084291133466
CMN19,0.635585665265134,0.521217374287834,0.28202995616575705,0.013192777085431998,0.020803581018642,0.015325501076795001,0.034209886926680005,0.044748469124565,0.030608952767747003,0.03866638261404701,0.754924743744963,0.660726252090994,0.5841288963300261,0.650021196974463,0.5070086909359189,0.592367765949045,0.525159372435558,0.5709622655856321,0.539460879209531,0.6475234315755211,0.54001006033903,0.5384990883820301,0.410373311598026,0.387689220137449,0.646752867192876,0.536208322788281,0.734474136833408,0.539752040551467,0.569038687169906,0.6807676257625179,0.7432130345319541,0.732759140340318,0.559672256175281,0.5595440805146179,0.6536263963810799,0.5209583263476439,0.349807184463885,0.28533262905954,0.308248806341396,0.559303739259818,0.46017359034813204,0.5306395002771099,0.516534167740767,0.624227664287581,0.585775866625464,0.531409638589213,0.631532024630682,0.47141378789160204,0.697872825078333,0.8786307531899251,0.7701040305744742,0.6094689314516479,0.47897723205551707,0.34322448296917496,0.5497697282533279,0.70713143889746,0.592347693777312,0.6075849201942479,0.45792334025299797,0.544035561267147,0.561525909500997,0.5549568614128659,0.656099953416785,0.598824343693683,0.46836639781621503,0.509666287220552,0.4877737266186599,0.644437256512429,0.634624254913696,0.528266185747026,0.726641675931427,0.486120360370576,0.47768477040805696,0.485020533257716,0.53088516448839,0.452704940306229,0.6927615402052161,0.556611779121481,0.418099820991267,0.46392435837059004,0.49557420344530395,0.530260367383195,0.7282856702074691,0.8800835520142328,0.935394674422493,0.917320183646948,0.9095179446482929,0.8457865611256729,0.798726876096572,0.7528734015376641,0.8760689327323901,0.374380704792249,0.32394682877596603,0.49896201876937896,0.5961748613932579,0.5260525860269399,0.504761016376166,0.5411540525175471,0.45776321682956206,0.4188918991935471,0.478482539105059,0.45304841886975,0.5741853381092789,0.6839277803220289,0.5038567652957341,0.538453598349421,0.6351087044777171,0.5937068484545129,0.401164749656235,0.168380769408861,0.32158620157088,0.273454050467323,0.276401685640068,0.282397549892247,0.27149006607114395,0.36408016716791897,0.40437744928642794,0.323394522753497,0.301073943332546,0.23552095836815498
CMN20,0.101304909189881,0.034126008601752,0.234431298781906,0.015090217178753999,0.018654799321522,0.010525258811988002,0.021971169330746002,0.041010129862329,0.028363347378865002,0.037793293100115,0.138496670627956,0.031109387569183997,0.04874384364214401,0.040035534320897,0.021793856481186,0.09120765743664098,0.09085978765669901,0.026646342134625,0.039350769333167,0.094202105459377,0.075117657064015,0.081025829703528,0.041900885921435,0.024592797343683002,0.042488507972335,0.096646200749231,0.085644295231017,0.072108512871979,0.065087858933011,0.031196723502211,0.060419281381889005,0.266513971771102,0.051064678969274004,0.065857807338406,0.031696214565095006,0.093504494282715,0.04129566687328,0.05833360182947701,0.22905866095837302,0.085314383579311,0.018186742470419997,0.037179058969059,0.033393020819901,0.029622646295561,0.023379411074479,0.05463607792617099,0.062148636040177,0.034037353556814,0.238866500347535,0.095639137123574,0.126671207443528,0.133181316289613,0.087951358000206,0.034372373169664,0.021206523716040003,0.037417961930638996,0.024105959621910002,0.030246861812355003,0.108756520806513,0.235173370470996,0.02190365005647,0.066531078908329,0.031209166378587998,0.043297810826882,0.01850322424673,0.062679532474298,0.211231086082975,0.038516263626532,0.019223308096291,0.087915802967584,0.037671281874998006,0.023813283721881,0.052437764931245995,0.053379588525024994,0.039742047662239995,0.011505627081683997,0.021899427537786998,0.011990814012163998,0.083167043818216,0.018540675947508,0.04838747157808099,0.057415687863626,0.437454677848714,0.33817839090858803,0.824741504401568,0.30123957907677,0.212638722871424,0.137680371933448,0.21041264811230898,0.229651160323824,0.16847306781300797,0.016490872078534,0.044953316461447006,0.146848945676741,0.054387215883981,0.022281321611953998,0.031859937637062,0.025643638861992998,0.017699167095683997,0.048871129000299,0.057687116609080005,0.022855133663261,0.6142262925586589,0.020552651975026,0.070604410783183,0.08019277430096,0.08662518409192899,0.126749057889812,0.019233214049076,0.023954863235578997,0.048149705514266,0.039604546539909,0.038215945514126,0.033504828995406,0.045428198047236995,0.041839543263494,0.057842720629833,0.038867659699029,0.023785135634876,0.030054678444704
CMN21,0.36995752704449497,0.630763029097938,0.826869491308906,0.008329481553596,0.027990432108031003,0.018328843020239,0.12291920235659698,0.16872731791120096,0.020724432363200002,0.100315703764342,0.760753679830045,0.26531053547579103,0.49353171533714796,0.36673525827336,0.022813529446943998,0.13287426967095803,0.194928823448226,0.036102558941033,0.21058555338348198,0.279580988231715,0.218851988872284,0.36029249708684796,0.5726652974618149,0.273677585133291,0.416927842145853,0.504381751307149,0.548982542564163,0.438181524751729,0.37093529219807,0.5391575852160561,0.267845586300204,0.7709604819594699,0.8373221743089871,0.76870441404386,0.783432412501479,0.752158495785871,0.16677395762032998,0.169351815725618,0.6789065697172759,0.12246598149760698,0.021674244343133,0.07647604481676801,0.15667283358584,0.076698274390136,0.16589864846279,0.204374342075786,0.3547360673525429,0.372640333142757,0.731801407009047,0.7049266517742242,0.29154613046875105,0.531955302568855,0.331443259400748,0.070774085417647,0.015081036093908002,0.08320755507257901,0.043176109987091,0.06033081663815901,0.68775031244561,0.765745122932383,0.741608345095855,0.673494204026401,0.72227769185806,0.7889163185229779,0.427369098656808,0.5785964415368821,0.7829875932701998,0.8311798841053951,0.75666705124842,0.493487095532303,0.154075637235876,0.109870919484969,0.12749298974338402,0.047704691088391996,0.11594926601398702,0.035084316200933996,0.025152312078608997,0.011979512698241003,0.109084682119175,0.095964388837298,0.091774487858314,0.22051670244478896,0.7617950002348242,0.500579638986382,0.9522877381305229,0.440093417866647,0.18664995356091196,0.23163506150862803,0.27184237150952695,0.39172138964187,0.59677512649163,0.028477505432667007,0.15300543985957998,0.318352937241881,0.612673598478672,0.49179500390867403,0.28613489362475003,0.30342663815076,0.302485050981666,0.546993622388659,0.533086626022256,0.325474565986377,0.8207052208400699,0.864819077871343,0.7973559321188021,0.8781806948607571,0.887584323858567,0.784001103854733,0.6297889305449621,0.078153891805725,0.156942439953998,0.0946639819843,0.110501956185284,0.106242367014183,0.105853492641888,0.33050654028522397,0.216321354537744,0.075546834566459,0.022288701528601004,0.11247879944326102
CMN22,0.899117529235586,0.7917040795789091,0.840298983894081,0.7837709582056721,0.8297008590086079,0.7845875148122579,0.8862068917117589,0.93806982508992,0.86657667890367,0.8052309410049879,0.8119667395840401,0.467506416201961,0.3912609679891699,0.54511491338757,0.23452821658366502,0.327198557476177,0.524808147111464,0.24344202376024898,0.29750484688986795,0.132069853436617,0.318496066023651,0.194117188098168,0.460960821294798,0.432988847895096,0.904100956136458,0.7278883585930009,0.7959117553326669,0.675766891880458,0.518001703278833,0.902171069779945,0.94382336291986,0.909304129455888,0.8637923451961659,0.868851759009907,0.903005160262672,0.8408576241670149,0.061033203357393,0.034523971422329,0.30542259019087603,0.7599756915790291,0.642619216374349,0.760830259339273,0.8047332144507231,0.8908041900395329,0.915099634721609,0.8243222069398671,0.9064407534665899,0.950854275663127,0.8765661275707131,0.9526219839956801,0.939439109116042,0.883774952496252,0.240305678739147,0.10217144225430198,0.01651433967967,0.09178482223231402,0.051836609982295,0.057442284627487995,0.7641068180303209,0.8434114156959659,0.910526819801922,0.846329352338736,0.8641485612202591,0.8475945106348101,0.5858392311364,0.8006699083746,0.700270611776824,0.122985346232583,0.033783118729290997,0.092912449091298,0.111607419256343,0.09889684213481599,0.074120589123381,0.050688181808616,0.09224386744268302,0.027027966134071,0.047752273052268,0.172734716468558,0.39888196184677005,0.7139021741659359,0.6002806126890761,0.692978191236759,0.145425063891354,0.034381982944943004,0.146668568803198,0.90240035936214,0.852620993576413,0.889289013945788,0.8276303681906121,0.765774877604469,0.8138514338062671,0.026795368445253,0.151767809471896,0.31812339117715993,0.8996995807587179,0.8502767429077821,0.9252675658035641,0.885690159906163,0.7783028211489259,0.701391531619575,0.8057190845517571,0.5322682973405,0.8736217550240349,0.9594438401685259,0.8220868042690942,0.9278422659468101,0.9148140135436171,0.880167372301366,0.321244131425451,0.599046096650751,0.9446076513431909,0.804251627186899,0.8785541935409621,0.7928103046279229,0.635459928876708,0.9389460722805129,0.901426431783116,0.8831322404802578,0.8040165662270871,0.9319359519822621
CMN23,0.7372337530460641,0.835439216835167,0.694396660307414,0.011206438085722002,0.027654546405768997,0.084969087065301,0.194676722697637,0.211321949085128,0.03480179722292201,0.238586261236718,0.400658451602119,0.058862053130576,0.11568558735269699,0.12309371139368301,0.027459667204409,0.137091255521608,0.243803366327077,0.060603157819183004,0.11644241206548199,0.143270992546358,0.22398282376587902,0.177095439955439,0.13381383705988198,0.06729060038828699,0.379403066517656,0.23753450123614003,0.296362618273284,0.15416561213259802,0.151943495391919,0.06357950214953,0.388649835683069,0.690622081667749,0.668206333284391,0.664640477661302,0.573036790404582,0.536746001610633,0.06775393388521099,0.06506944503638501,0.44662015793947396,0.25426707202926396,0.015219902510123997,0.07864786030304101,0.117194337303347,0.10392849166801801,0.075994620204871,0.159608493804632,0.413462696327003,0.048068564777363,0.28159837197694,0.444742931428925,0.206553194245755,0.326499281877338,0.22957353039591502,0.06364420429427,0.028011877172429003,0.08008558271886,0.042530908223924,0.041754154163117,0.558256796797183,0.6839973228117299,0.601806067784313,0.654885438012918,0.7201376163517529,0.700974054203251,0.403311508121031,0.22415668269160396,0.442680651038749,0.168257095661216,0.071671694134327,0.170519196978384,0.13830391797621802,0.124377019677013,0.197975872328641,0.091599923643686,0.12063915186017599,0.05553387136413599,0.057812151176601,0.10579550776574001,0.13827009204925,0.108054215191839,0.10698115237780001,0.152125719942422,0.7655091847016509,0.601517574984105,0.900027705045516,0.49721138413054206,0.329272250822027,0.318612347853377,0.3805169959091911,0.338492508620198,0.395818079588311,0.032333367479558,0.105855365767271,0.310028351481922,0.085229604250145,0.035901136352963,0.05367494770665901,0.040317108083442,0.021979496945011,0.151330668831302,0.11732172690303198,0.025804411588357,0.117548807624215,0.037928453791137004,0.107553819123811,0.214167282781849,0.15520618583040302,0.028299479668055,0.028371022401829,0.24000537293688604,0.27058304437145303,0.18657294398913501,0.26150126066706897,0.131971131092187,0.19815296163334697,0.274414438793269,0.335582957115083,0.238481845325232,0.083390978905299,0.304973953722479
CMN24,0.270989443295518,0.15858873749449803,0.6575664348165029,0.032782635897161,0.47143792061380396,0.562355015996177,0.571383516113934,0.5890827210203571,0.111614342172965,0.536302558348101,0.906802928282472,0.582495893299197,0.46514802815724,0.5135384667126379,0.44835057339034495,0.5111006184619841,0.582165781780001,0.6276642830325021,0.343902413335133,0.23433873170417602,0.235169123544794,0.261584950259876,0.30214014753311896,0.498290517494406,0.857418464610772,0.697721691905801,0.915648947158419,0.813544168806,0.7203135844853571,0.924849413898993,0.911848272025121,0.7482747682345,0.5332011326151099,0.836603424276236,0.936875840033479,0.8285650513112529,0.051680240116053,0.02873414436117,0.12026490203453499,0.36184607314197,0.7024311493205071,0.7976541510878791,0.7700934208841759,0.8798849354844399,0.8843328781028921,0.7512788759173978,0.856034310950552,0.024312483311576,0.371125425137026,0.12970587431901598,0.050580205521024,0.178919149697255,0.158484635646401,0.066999097540941,0.018020765104671002,0.043620937382503,0.028112307128581,0.03898255987422,0.40257411072156196,0.597484573013331,0.309000097289155,0.49027563779352396,0.14206914856890301,0.206834056892657,0.069687573686892,0.107495859707011,0.45513065339101294,0.142497337645052,0.050046229479868996,0.20900819655102104,0.164764759545871,0.095357962196254,0.20494034671287198,0.14215654709900902,0.213211823908345,0.136595720433212,0.184241386021841,0.225690061578896,0.23553936901251998,0.12726952691130197,0.175687489588263,0.193452000397198,0.440644872167181,0.173654849917111,0.49408599077291204,0.251538854985682,0.12090570289154598,0.113153715630584,0.15675762107659,0.197131583049719,0.152998615782475,0.025870945617062,0.101689986032995,0.17096386708295497,0.075144062314168,0.045837604584353,0.044520411914975994,0.032555928450523,0.051498524338713,0.138015001356553,0.08020627603431199,0.021962576724082,0.067088849021511,0.471494179528312,0.129173500938424,0.09041542002269902,0.10567741462835402,0.020200911146626997,0.022381082012383997,0.20388142655332503,0.5491585769169189,0.202496359327506,0.352800371796288,0.075483667117211,0.172466279451974,0.206996467979182,0.29629558170348996,0.217521437871063,0.181617960474,0.446162343703663
CMN25,0.204005467282655,0.036949600305393,0.416215731929179,0.008383132559659,0.023643418488602998,0.01521373068257,0.10108145072851,0.138150491081161,0.022630585163451,0.09011635478611502,0.367822743045353,0.048869831280777,0.065355432230912,0.094525550688491,0.031776753396630004,0.095620831148661,0.139583375890034,0.029875143548604998,0.14103634435014997,0.16755009390133999,0.160525625483877,0.17069542876932597,0.24167096359528797,0.08569078518428501,0.188096185694797,0.265885006394711,0.156990971435727,0.18053485692903198,0.166921525559085,0.17298442968009803,0.460829892339411,0.600507058012009,0.263134492465107,0.235631610398086,0.11961833398284301,0.276598655360284,0.060014248683043,0.082921997219241,0.20364673925333399,0.144368672294371,0.021057758565024,0.080776393548404,0.18583458987675802,0.19367771184812502,0.19467495610878602,0.26751375995771803,0.517257377429494,0.068661161454263,0.397441105360604,0.83621721691523,0.62794799327952,0.7536861557470509,0.14704127184736998,0.041301079700271005,0.019973165276731004,0.057404665646894004,0.031033842984902003,0.048380397622335,0.20306422869291899,0.18766282723270603,0.025611352362053,0.09878012436015401,0.076161347371395,0.177417940309267,0.080910624588873,0.49506755310962103,0.29195103354681606,0.19985161030265303,0.091587751660272,0.161555215243131,0.284765040177576,0.135762426882463,0.212254058318824,0.04892592613035401,0.081735005479864,0.050448582634536,0.10873350922323,0.011412993962952,0.141320087354055,0.07606244161664301,0.09022774700161601,0.17394629236885997,0.7587086196567141,0.758753973655457,0.9277236972489351,0.831204096328866,0.7236327290036659,0.771322637332968,0.720186460042831,0.606830972038224,0.87641008226148,0.026997965982027004,0.154020459349798,0.349841669557511,0.152052034654768,0.04128559208200901,0.049757227171675994,0.028728935259383,0.020640149669435,0.14748725411878602,0.173466476222407,0.029014058315549,0.209454755092733,0.040231683066753,0.133222840570107,0.24369459419723,0.22579498948657004,0.032514181768176,0.025432080407339,0.077648414244457,0.15000564620554901,0.12072973126669802,0.133491874042837,0.11652428095021301,0.14748027384534804,0.23908539673958398,0.276575630778832,0.07972261229892501,0.031414792170828,0.11422654081693999
